hh_id,vehicle_id,vehicle_num,year,fuel_type,hh_weight
22000050,2200005001,1,1998,1,359.5401128
22000128,2200012801,1,2022,1,1163.731813
22000430,2200043001,1,2017,1,203.8705725
22000607,2200060701,1,2021,1,3174.256313
22000655,2200065501,1,2020,1,333.376799
22000768,2200076801,1,2015,1,67.92033811
22000991,2200099101,1,2021,1,2740.263676
22001276,2200127601,1,2018,1,288.9114388
22001518,2200151801,1,2016,1,406.7660592
22001566,2200156601,1,2014,1,5043.332421
22001989,2200198901,1,2013,1,265.853167
22002589,2200258901,1,2018,5,590.8796895
22002918,2200291801,1,2016,1,1016.023774
22002932,2200293201,1,2010,1,798.010933
22003116,2200311601,1,2015,1,358.7899272
22003151,2200315101,1,2021,1,102.0314211
22003372,2200337201,1,2017,1,137.4046207
22003649,2200364901,1,2012,1,159.7841908
22003665,2200366501,1,2016,1,203.7170131
22004389,2200438901,1,2015,1,999.0799804
22004683,2200468301,1,2017,1,581.3349888
22004847,2200484701,1,2008,1,177.130357
22004991,2200499101,1,2017,1,493.9131429
22005648,2200564801,1,2015,1,515.9246958
22005724,2200572401,1,2017,1,860.3050544
22005724,2200572402,2,2016,1,860.3050544
22006248,2200624801,1,2014,2,61.47368157
22006248,2200624802,2,1993,1,61.47368157
22007018,2200701801,1,2021,1,2002.787986
22007018,2200701802,2,2020,1,2002.787986
22007018,2200701803,3,2011,1,2002.787986
22007018,2200701804,4,2018,1,2002.787986
22007030,2200703001,1,2022,1,723.198859
22008937,2200893701,1,2018,1,2498.626577
22009203,2200920301,1,2013,1,2926.654009
22009506,2200950601,1,2005,1,414.8430487
22009506,2200950602,2,2008,1,414.8430487
22009739,2200973901,1,2009,1,333.0460589
22010306,2201030601,1,2013,1,164.8766458
22010388,2201038801,1,2018,1,333.686431
22011162,2201116201,1,2017,1,189.9114722
22011555,2201155501,1,2020,1,177.3302199
22011974,2201197401,1,2009,1,138.3304072
22012096,2201209601,1,2016,1,160.3728308
22012227,2201222701,1,2008,1,1541.834988
22012227,2201222702,2,2009,1,1541.834988
22012227,2201222703,3,2004,1,1541.834988
22012434,2201243401,1,2020,2,873.6720263
22012784,2201278401,1,2018,1,1251.149276
22012784,2201278402,2,2012,1,1251.149276
22013397,2201339701,1,2014,1,103.7509697
22014064,2201406401,1,2014,1,3965.699149
22014212,2201421201,1,2011,1,593.095464
22014458,2201445801,1,2019,1,76.80653553
22014458,2201445802,2,2020,1,76.80653553
22015183,2201518301,1,2004,1,176.9562222
22015227,2201522701,1,2016,1,88.71338712
22015459,2201545901,1,2007,1,2377.41612
22015692,2201569201,1,2011,1,302.8691508
22015856,2201585601,1,2010,1,796.2163785
22016324,2201632401,1,2022,1,870.3397457
22016324,2201632402,2,2004,1,870.3397457
22016464,2201646401,1,2022,2,106.6409304
22016602,2201660201,1,2020,1,111.8878414
22017029,2201702901,1,2019,1,911.0875403
22017164,2201716401,1,2006,1,4392.091603
22017187,2201718701,1,2013,1,1084.729902
22017207,2201720701,1,2021,1,177.1714645
22017267,2201726701,1,2014,6,3384.935233
22018186,2201818601,1,2014,1,266.4429052
22018199,2201819901,1,2005,1,180.9504546
22018223,2201822301,1,2019,1,161.5813361
22018317,2201831701,1,2021,1,88.60200931
22018365,2201836501,1,2017,1,1066.378186
22018978,2201897801,1,2017,1,88.71776356
22019294,2201929401,1,2006,1,234.9120988
22019621,2201962101,1,2018,1,1500.9006
22019806,2201980601,1,2013,1,455.9720644
22019931,2201993101,1,2011,1,4005.57549
22019934,2201993401,1,2022,1,158.3462815
22020067,2202006701,1,2014,1,59.16082768
22020396,2202039601,1,2019,1,161.5813361
22020524,2202052401,1,2009,1,401.8490478
22020549,2202054901,1,2017,1,507.4857743
22020549,2202054902,2,2009,1,507.4857743
22021268,2202126801,1,2017,1,177.3170768
22022886,2202288601,1,2008,1,597.6644983
22022915,2202291501,1,2022,1,2183.552028
22022915,2202291502,2,2021,1,2183.552028
22023215,2202321501,1,2016,1,1059.723829
22023698,2202369801,1,2012,1,4391.876203
22023698,2202369802,2,2014,1,4391.876203
22024402,2202440201,1,2006,1,2195.149031
22025824,2202582401,1,2009,1,1897.243282
22025847,2202584701,1,2018,1,66.30142049
22025847,2202584702,2,2022,1,66.30142049
22026073,2202607301,1,2022,1,397.2182487
22026304,2202630401,1,1998,1,293.7657499
22026304,2202630402,2,2003,1,293.7657499
22026418,2202641801,1,2022,1,198.8817794
22026439,2202643901,1,2003,1,180.1389742
22026572,2202657201,1,2005,1,873.4618893
22026742,2202674201,1,2006,1,104.9357232
22026972,2202697201,1,2009,1,291.7125922
22027168,2202716801,1,2015,1,99.47407557
22027214,2202721401,1,2017,1,824.2471246
22027253,2202725301,1,2020,1,979.8629077
22027319,2202731901,1,2007,1,2645.461771
22027356,2202735601,1,2011,1,99.45814265
22027489,2202748901,1,2012,1,557.8701186
22027765,2202776501,1,2010,1,1258.659233
22027765,2202776502,2,2013,1,1258.659233
22027818,2202781801,1,2020,1,675.9924909
22027829,2202782901,1,2018,1,7626.036979
22027849,2202784901,1,2015,1,159.4623943
22027892,2202789201,1,2019,1,721.466531
22028000,2202800001,1,2019,1,213.0203543
22028396,2202839601,1,2018,1,198.8855957
22028527,2202852701,1,2016,1,317.3283076
22028627,2202862701,1,2017,1,218.4229043
22028627,2202862702,2,2017,1,218.4229043
22028637,2202863701,1,2010,1,99.45665904
22028772,2202877201,1,2019,2,66.30262502
22028815,2202881501,1,2019,3,1945.170204
22028836,2202883601,1,2019,1,198.9228626
22028930,2202893001,1,2013,1,1570.486388
22028940,2202894001,1,2020,1,1635.89346
22028940,2202894002,2,2022,4,1635.89346
22029216,2202921601,1,2021,1,201.1396716
22029216,2202921602,2,2017,1,201.1396716
22029287,2202928701,1,2008,1,2084.864951
22029334,2202933401,1,2021,1,478.6689208
22029552,2202955201,1,2019,1,198.8847213
22029558,2202955801,1,2007,1,2356.375389
22029558,2202955802,2,2021,4,2356.375389
22029568,2202956801,1,2020,1,1399.658356
22029605,2202960501,1,2009,1,1297.408598
22029836,2202983601,1,2009,1,394.7084625
22030060,2203006001,1,2020,1,1585.419567
22030354,2203035401,1,2015,1,198.8913235
22030437,2203043701,1,2012,1,99.44215561
22030437,2203043702,2,2003,1,99.44215561
22030527,2203052701,1,2015,1,1012.590871
22030549,2203054901,1,2015,1,274.6005326
22030549,2203054902,2,2017,4,274.6005326
22030624,2203062401,1,2015,1,1139.126259
22030684,2203068401,1,2009,1,859.5097897
22030684,2203068402,2,2015,1,859.5097897
22030860,2203086001,1,2019,1,198.9088465
22030887,2203088701,1,2020,1,243.2761868
22030905,2203090501,1,2005,1,198.8888196
22030956,2203095601,1,2017,1,381.7933942
22031016,2203101601,1,2018,1,132.2875955
22031016,2203101602,2,2012,1,132.2875955
22031052,2203105201,1,2020,1,1348.155791
22031146,2203114601,1,2020,1,2160.971677
22031146,2203114602,2,2018,1,2160.971677
22031146,2203114603,3,2012,1,2160.971677
22031381,2203138101,1,2020,1,1095.880684
22031381,2203138102,2,2021,3,1095.880684
22031393,2203139301,1,2021,1,409.4835869
22031393,2203139302,2,2000,1,409.4835869
22031469,2203146901,1,2010,1,2424.399228
22031533,2203153301,1,2021,1,277.6060301
22031565,2203156501,1,2014,1,946.2779516
22031598,2203159801,1,2010,1,209.2661155
22031776,2203177601,1,2019,1,9933.425431
22031787,2203178701,1,2018,2,1409.450809
22031911,2203191101,1,2008,1,334.6811536
22031925,2203192501,1,2015,1,3165.444305
22031925,2203192502,2,2008,1,3165.444305
22032323,2203232301,1,2009,1,3311.321701
22032440,2203244001,1,2013,1,181.7191254
22032440,2203244002,2,2021,1,181.7191254
22032627,2203262701,1,2019,1,267.1999404
22032627,2203262702,2,2020,1,267.1999404
22032744,2203274401,1,2017,1,198.9056977
22032772,2203277201,1,2016,1,470.0041681
22032772,2203277202,2,2014,1,470.0041681
22032775,2203277501,1,1992,1,742.2529402
22032775,2203277502,2,2018,1,742.2529402
22032775,2203277503,3,2020,1,742.2529402
22032803,2203280301,1,2006,1,99.44914379
22032856,2203285601,1,2016,1,272.4058297
22032905,2203290501,1,2019,4,99.44269133
22032993,2203299301,1,2022,1,964.9771095
22032993,2203299302,2,2021,1,964.9771095
22033093,2203309301,1,2009,1,1164.052502
22033170,2203317001,1,2020,1,340.2036319
22033251,2203325101,1,2015,1,294.4357987
22033561,2203356101,1,2020,1,3076.956755
22033954,2203395401,1,2013,1,198.8704178
22034176,2203417601,1,2007,1,198.9034902
22034272,2203427201,1,2007,1,1963.060772
22034272,2203427202,2,2005,1,1963.060772
22034272,2203427203,3,2008,1,1963.060772
22034306,2203430601,1,2019,1,408.9176459
22034535,2203453501,1,2015,1,90.65219908
22034535,2203453502,2,2001,1,90.65219908
22034535,2203453503,3,2013,1,90.65219908
22034535,2203453504,4,2010,1,90.65219908
22034535,2203453505,5,2021,1,90.65219908
22034535,2203453506,6,2015,1,90.65219908
22034535,2203453507,7,2020,1,90.65219908
22034535,2203453508,8,2020,1,90.65219908
22034655,2203465501,1,2016,1,158.9720293
22034655,2203465502,2,2007,1,158.9720293
22034655,2203465503,3,2021,1,158.9720293
22034852,2203485201,1,2014,1,483.5445383
22034881,2203488101,1,2011,1,971.0543289
22035025,2203502501,1,2007,1,1345.794763
22035269,2203526901,1,2021,1,3933.615021
22035487,2203548701,1,2019,1,568.6031844
22035558,2203555801,1,2017,1,198.9108337
22035655,2203565501,1,2018,1,985.396241
22035733,2203573301,1,2021,2,2483.917392
22035733,2203573302,2,2013,1,2483.917392
22035740,2203574001,1,2021,1,3311.95112
22035740,2203574002,2,2021,1,3311.95112
22036053,2203605301,1,2007,1,505.2094617
22036198,2203619801,1,2017,1,1751.906983
22036308,2203630801,1,2002,1,1266.592753
22036345,2203634501,1,2012,1,198.8907199
22036448,2203644801,1,2018,1,241.7207142
22036609,2203660901,1,2022,1,489.8769533
22036613,2203661301,1,2017,1,460.5423131
22036729,2203672901,1,2003,1,66.29484255
22036729,2203672902,2,2004,1,66.29484255
22036775,2203677501,1,2012,1,421.1187645
22036782,2203678201,1,2013,1,4037.693537
22036782,2203678202,2,2018,1,4037.693537
22036910,2203691001,1,2011,1,2263.426845
22036910,2203691002,2,2007,1,2263.426845
22036910,2203691003,3,2002,1,2263.426845
22036944,2203694401,1,2008,1,2474.886047
22036944,2203694402,2,2012,1,2474.886047
22037131,2203713101,1,2011,1,290.5698341
22037242,2203724201,1,2021,2,4777.989996
22037268,2203726801,1,2022,1,788.8558943
22037330,2203733001,1,2021,1,716.1719617
22037365,2203736501,1,2010,1,236.574127
22037505,2203750501,1,2016,1,2128.090298
22037557,2203755701,1,2015,1,1157.384724
22037593,2203759301,1,1997,1,237.0821922
22037593,2203759302,2,2021,1,237.0821922
22037918,2203791801,1,2017,1,198.90003
22037921,2203792101,1,2021,1,198.8862838
22038044,2203804401,1,2015,1,797.2650641
22038097,2203809701,1,2010,1,282.5962743
22038110,2203811001,1,2010,1,802.9151175
22038110,2203811002,2,2005,1,802.9151175
22038573,2203857301,1,2008,1,709.0761422
22038574,2203857401,1,2014,1,466.4638339
22039375,2203937501,1,2018,1,708.4298281
22039610,2203961001,1,2021,6,180.7239034
22039617,2203961701,1,2014,1,180.6864979
22039664,2203966401,1,2010,1,141.572607
22039666,2203966601,1,2019,1,192.6202109
22039724,2203972401,1,2016,1,1602.707546
22039793,2203979301,1,2012,1,641.4754084
22039793,2203979302,2,2017,1,641.4754084
22039951,2203995101,1,2017,1,1717.398134
22039951,2203995102,2,2010,1,1717.398134
22040122,2204012201,1,2022,1,838.9085618
22040122,2204012202,2,2021,2,838.9085618
22040420,2204042001,1,2015,1,90.34582667
22040470,2204047001,1,2008,1,1557.566756
22040715,2204071501,1,2020,1,104.6144848
22040744,2204074401,1,2012,1,108.889892
22040747,2204074701,1,2007,1,451.8591782
22040795,2204079501,1,2012,1,544.519176
22040881,2204088101,1,2022,1,60.2350407
22041056,2204105601,1,2016,1,707.1834569
22041056,2204105602,2,2010,1,707.1834569
22041257,2204125701,1,2007,1,151.3776901
22041816,2204181601,1,2013,1,1526.360469
22041857,2204185701,1,2020,1,310.8046909
22042063,2204206301,1,2014,1,860.3852721
22042063,2204206302,2,2016,1,860.3852721
22042302,2204230201,1,2007,1,1805.086069
22042594,2204259401,1,2015,1,209.1936297
22042594,2204259402,2,2012,1,209.1936297
22042640,2204264001,1,2022,1,330.2848984
22042875,2204287501,1,2004,1,1039.218441
22043062,2204306201,1,2016,1,2700.303852
22043193,2204319301,1,2007,1,2224.238456
22043250,2204325001,1,2021,1,3645.013924
22043375,2204337501,1,2022,1,1774.73739
22043375,2204337502,2,2020,1,1774.73739
22043520,2204352001,1,2021,1,180.714291
22043778,2204377801,1,2015,1,1231.451311
22044131,2204413101,1,2011,1,363.3610256
22044131,2204413102,2,2020,1,363.3610256
22044179,2204417901,1,2016,1,1659.316707
22044188,2204418801,1,2018,1,625.4688695
22044375,2204437501,1,2020,1,270.6512912
22044496,2204449601,1,2016,1,592.9749046
22044580,2204458001,1,2016,1,2340.205421
22044580,2204458002,2,2016,1,2340.205421
22044632,2204463201,1,2013,1,2111.449365
22044715,2204471501,1,2019,1,1456.848809
22044715,2204471502,2,2020,1,1456.848809
22044771,2204477101,1,2008,1,1286.914722
22044940,2204494001,1,2010,1,574.6727049
22045365,2204536501,1,2018,1,169.704243
22045507,2204550701,1,2017,1,393.0511863
22045526,2204552601,1,2016,1,406.9821198
22045598,2204559801,1,1998,1,374.8578521
22045613,2204561301,1,2021,1,2574.994985
22045674,2204567401,1,2008,1,606.0717758
22045760,2204576001,1,2013,1,649.7312581
22045977,2204597701,1,2018,1,1261.242773
22045984,2204598401,1,2001,1,2031.730512
22046112,2204611201,1,2014,1,1095.995194
22046139,2204613901,1,2018,1,358.8964834
22046202,2204620201,1,2015,1,268.0148032
22046265,2204626501,1,2017,1,294.2205489
22046316,2204631601,1,2016,1,297.2499982
22046520,2204652001,1,2009,1,2278.025882
22046570,2204657001,1,2022,1,365.3837809
22046937,2204693701,1,2020,1,2045.726544
22047045,2204704501,1,2018,1,1708.520737
22047139,2204713901,1,2022,1,492.4388446
22047180,2204718001,1,2014,1,442.9558672
22047334,2204733401,1,2014,2,4271.266414
22047350,2204735001,1,2020,1,3293.820199
22047350,2204735002,2,2021,1,3293.820199
22047553,2204755301,1,2006,2,573.1437822
22047616,2204761601,1,2015,1,188.9820995
22047703,2204770301,1,2009,1,1708.520737
22047728,2204772801,1,2014,1,416.202649
22047728,2204772802,2,2016,1,416.202649
22047800,2204780001,1,2020,1,3424.864852
22048120,2204812001,1,2013,1,577.260408
22048410,2204841001,1,2015,1,2885.169925
22048424,2204842401,1,2020,1,1702.698889
22048573,2204857301,1,2005,1,344.2945872
22048699,2204869901,1,2008,1,393.1397429
22048781,2204878101,1,2009,1,2251.731366
22048858,2204885801,1,2001,1,883.6731482
22048925,2204892501,1,2021,2,961.095715
22048950,2204895001,1,2010,1,183.8145303
22048950,2204895002,2,1993,1,183.8145303
22048953,2204895301,1,2006,1,188.9820995
22049041,2204904101,1,2021,1,223.6830775
22049278,2204927801,1,2007,1,407.9920883
22049288,2204928801,1,2004,1,1075.605384
22049567,2204956701,1,2017,1,949.6473497
22049600,2204960001,1,2021,1,222.5741747
22049656,2204965601,1,2006,1,980.3558805
22049679,2204967901,1,2005,1,595.731856
22049913,2204991301,1,2014,1,454.4694065
22049957,2204995701,1,2022,1,418.6639115
22049972,2204997201,1,2021,1,571.5229341
22050338,2205033801,1,2009,1,947.5813586
22050341,2205034101,1,2006,1,860.5216226
22050343,2205034301,1,2008,1,520.5901798
22050400,2205040001,1,2021,1,217.9813531
22050417,2205041701,1,2012,1,224.2121549
22050419,2205041901,1,2017,1,195.2166555
22050441,2205044101,1,2003,1,1030.135405
22050458,2205045801,1,2022,1,217.9384407
22050465,2205046501,1,2011,1,1083.29549
22050642,2205064201,1,2022,1,442.7703344
22050664,2205066401,1,2008,1,855.6871414
22050713,2205071301,1,2019,1,247.6620982
22050819,2205081901,1,1991,1,1264.547082
22050823,2205082301,1,2011,1,784.6068668
22050986,2205098601,1,2022,1,1335.924587
22051063,2205106301,1,2011,1,939.1858029
22051311,2205131101,1,2015,1,426.4003297
22051324,2205132401,1,2019,1,877.7154719
22051324,2205132402,2,1983,1,877.7154719
22051391,2205139101,1,2009,1,436.564151
22051391,2205139102,2,2011,1,436.564151
22051391,2205139103,3,2011,1,436.564151
22051424,2205142401,1,2011,1,650.7388269
22051424,2205142402,2,2020,1,650.7388269
22051681,2205168101,1,2003,1,1947.951582
22051780,2205178001,1,2018,1,322.2121173
22051868,2205186801,1,2021,1,1007.630523
22051924,2205192401,1,2007,1,492.4388446
22052059,2205205901,1,2005,1,319.452182
22052068,2205206801,1,2004,1,1758.968561
22052099,2205209901,1,2016,1,1947.951582
22052214,2205221401,1,2010,1,208.3698676
22052411,2205241101,1,2010,1,1036.623749
22052459,2205245901,1,2017,1,824.9996713
22052584,2205258401,1,2009,1,1625.914467
22052689,2205268901,1,2018,1,414.9197056
22052727,2205272701,1,2022,1,5204.477569
22052947,2205294701,1,2014,2,1653.956396
22052951,2205295101,1,2013,1,223.6830775
22052970,2205297001,1,2007,2,253.5995595
22053243,2205324301,1,2007,1,592.9749046
22053420,2205342001,1,2005,1,1447.204666
22053420,2205342002,2,2019,1,1447.204666
22053705,2205370501,1,2014,1,481.6542761
22053750,2205375001,1,2014,2,640.8576757
22053765,2205376501,1,2015,1,520.5901798
22053871,2205387101,1,2015,1,473.5614648
22053902,2205390201,1,2016,1,381.0054653
22053987,2205398701,1,2018,4,381.0054653
22054001,2205400101,1,2011,1,1156.897675
22054081,2205408101,1,2013,1,305.1839293
22054081,2205408102,2,2018,1,305.1839293
22054155,2205415501,1,2017,1,886.5370468
22054203,2205420301,1,2014,2,2740.450328
22054206,2205420601,1,2001,1,4656.793019
22054498,2205449801,1,2003,1,3665.609298
22055239,2205523901,1,2015,1,408.0539577
22055397,2205539701,1,2016,1,3142.687276
22055397,2205539702,2,2012,1,3142.687276
22055397,2205539703,3,2015,1,3142.687276
22055522,2205552201,1,2013,1,4718.499825
22055577,2205557701,1,2018,1,221.8968079
22055682,2205568201,1,2010,1,1319.644376
22055682,2205568202,2,2019,1,1319.644376
22055798,2205579801,1,2010,1,1068.000934
22056393,2205639301,1,2010,1,557.0769788
22056412,2205641201,1,2016,1,1494.532714
22056412,2205641202,2,2020,1,1494.532714
22056688,2205668801,1,2012,7,2118.780097
22056839,2205683901,1,2017,1,225.2177185
22057034,2205703401,1,2018,1,1496.005024
22057126,2205712601,1,2014,1,2648.632974
22057346,2205734601,1,2015,5,180.650998
22057424,2205742401,1,2007,1,6786.482313
22057424,2205742402,2,2017,1,6786.482313
22057775,2205777501,1,2006,1,527.0101243
22057860,2205786001,1,2017,1,2005.32348
22057861,2205786101,1,2012,1,2601.810956
22057900,2205790001,1,2019,1,5015.03184
22058861,2205886101,1,2018,1,6579.896619
22058884,2205888401,1,2004,1,1402.785324
22059132,2205913201,1,2006,1,1525.210338
22059132,2205913202,2,2004,1,1525.210338
22059363,2205936301,1,1998,1,672.5257459
22059662,2205966201,1,2013,1,2960.121803
22059662,2205966202,2,2019,1,2960.121803
22059778,2205977801,1,2004,1,2318.975043
22059835,2205983501,1,1997,1,1194.786464
22059873,2205987301,1,2003,1,3388.54971
22059873,2205987302,2,2019,1,3388.54971
22060059,2206005901,1,2019,1,1404.117294
22060065,2206006501,1,2020,1,457.1289783
22060211,2206021101,1,2022,1,1344.460453
22060260,2206026001,1,2012,1,972.5239623
22060260,2206026002,2,2015,1,972.5239623
22060277,2206027701,1,2019,1,1493.501321
22060312,2206031201,1,2016,1,485.3652279
22060312,2206031202,2,2016,1,485.3652279
22060449,2206044901,1,2015,1,2024.932476
22060474,2206047401,1,2020,1,1884.604501
22060525,2206052501,1,2011,1,4528.208738
22060575,2206057501,1,2010,1,2117.200366
22060575,2206057502,2,2020,1,2117.200366
22060634,2206063401,1,2019,1,2011.518959
22060740,2206074001,1,2005,1,1349.119699
22060740,2206074002,2,2006,1,1349.119699
22060780,2206078001,1,2005,1,728.902963
22060780,2206078002,2,2010,2,728.902963
22061004,2206100401,1,2016,1,1985.184896
22061024,2206102401,1,2007,1,1774.248698
22061103,2206110301,1,2005,1,786.7764024
22061220,2206122001,1,2021,1,2037.246656
22061220,2206122002,2,2014,1,2037.246656
22061230,2206123001,1,2017,1,11112.09008
22061252,2206125201,1,1995,1,1443.233138
22061511,2206151101,1,2016,2,1467.676751
22061511,2206151102,2,2018,2,1467.676751
22061688,2206168801,1,1995,1,1872.268085
22061707,2206170701,1,2019,1,2690.613454
22061707,2206170702,2,2020,1,2690.613454
22061709,2206170901,1,2017,1,3776.856078
22061709,2206170902,2,2008,1,3776.856078
22061709,2206170903,3,2018,1,3776.856078
22061725,2206172501,1,2001,1,4367.585498
22061842,2206184201,1,2020,1,1224.539817
22061924,2206192401,1,2009,1,2011.677489
22061942,2206194201,1,2020,1,6647.453616
22061979,2206197901,1,2005,1,785.1797841
22061979,2206197902,2,2021,1,785.1797841
22062349,2206234901,1,2005,1,559.3064733
22062377,2206237701,1,2022,1,2075.392039
22062500,2206250001,1,2023,1,4389.48326
22062500,2206250002,2,2018,1,4389.48326
22062776,2206277601,1,2021,1,739.2103789
22062792,2206279201,1,2012,1,905.1279773
22062792,2206279202,2,2006,1,905.1279773
22063194,2206319401,1,1984,1,1496.56649
22063194,2206319402,2,2003,1,1496.56649
22063223,2206322301,1,2002,1,2328.335016
22063363,2206336301,1,2003,1,1946.500395
22063366,2206336601,1,2019,1,1441.888919
22063629,2206362901,1,2008,1,926.7407714
22063665,2206366501,1,2016,1,1479.894424
22063724,2206372401,1,2021,1,6981.735808
22063765,2206376501,1,2021,1,2603.938191
22063793,2206379301,1,2012,1,4280.766162
22063901,2206390101,1,2022,1,2000.660602
22063999,2206399901,1,2013,1,5064.809385
22063999,2206399902,2,2017,1,5064.809385
22064004,2206400401,1,2013,1,3108.07033
22064004,2206400402,2,2021,1,3108.07033
22064067,2206406701,1,2020,1,1520.194295
22064111,2206411101,1,2019,1,3594.353463
22064188,2206418801,1,2007,1,1607.779965
22064441,2206444101,1,2015,5,403.1290343
22064484,2206448401,1,2018,1,486.1297427
22064485,2206448501,1,2015,1,1524.187634
22064485,2206448502,2,2004,1,1524.187634
22064500,2206450001,1,2018,1,5204.129518
22064548,2206454801,1,2004,1,1060.313449
22064594,2206459401,1,2018,1,598.7626897
22064594,2206459402,2,2022,1,598.7626897
22064594,2206459403,3,2018,4,598.7626897
22064643,2206464301,1,2018,1,7359.016341
22064662,2206466201,1,2010,1,1770.009676
22064666,2206466601,1,2013,1,1484.699006
22064690,2206469001,1,2006,1,2024.932476
22064819,2206481901,1,2009,1,4481.988074
22064819,2206481902,2,2016,1,4481.988074
22064822,2206482201,1,2017,1,595.9782521
22064867,2206486701,1,2020,1,4596.047926
22065053,2206505301,1,2019,1,453.5171484
22065227,2206522701,1,2013,1,895.9033501
22065252,2206525201,1,2016,1,2755.409893
22065252,2206525202,2,2020,1,2755.409893
22065297,2206529701,1,2000,1,800.1636676
22065400,2206540001,1,2015,1,1541.632033
22065631,2206563101,1,2011,1,2095.58138
22065631,2206563102,2,2016,1,2095.58138
22065708,2206570801,1,2022,1,1198.355041
22065708,2206570802,2,2022,1,1198.355041
22065829,2206582901,1,2016,1,3113.791269
22065829,2206582902,2,2005,1,3113.791269
22066050,2206605001,1,2017,1,2229.77987
22066064,2206606401,1,2022,1,2720.150608
22066153,2206615301,1,2022,1,460.5715308
22066188,2206618801,1,2009,1,1782.209379
22066201,2206620101,1,2011,1,118.4190232
22066234,2206623401,1,2009,1,1591.689209
22066234,2206623402,2,2019,1,1591.689209
22066282,2206628201,1,2019,1,1046.886331
22066282,2206628202,2,2020,1,1046.886331
22066589,2206658901,1,2007,1,877.8469989
22066655,2206665501,1,2014,1,759.4438961
22066655,2206665502,2,2013,1,759.4438961
22066655,2206665503,3,2013,1,759.4438961
22066998,2206699801,1,2012,1,1727.495538
22067201,2206720101,1,2021,1,2909.922036
22067201,2206720102,2,2021,1,2909.922036
22067201,2206720103,3,2019,1,2909.922036
22067300,2206730001,1,2015,1,1564.878529
22067335,2206733501,1,2022,1,2852.467225
22067335,2206733502,2,2019,1,2852.467225
22067335,2206733503,3,2003,1,2852.467225
22067760,2206776001,1,2021,1,830.4763656
22067760,2206776002,2,2021,1,830.4763656
22067924,2206792401,1,2012,1,1414.494138
22068023,2206802301,1,2011,1,5665.497944
22068023,2206802302,2,2011,1,5665.497944
22068030,2206803001,1,2014,1,957.2753451
22068217,2206821701,1,2014,1,1250.909898
22068474,2206847401,1,2021,4,1039.819704
22068498,2206849801,1,2012,1,682.2832466
22068514,2206851401,1,2015,1,883.238364
22068514,2206851402,2,2011,1,883.238364
22068611,2206861101,1,2014,1,1968.49728
22068631,2206863101,1,2014,1,1081.740673
22068631,2206863102,2,2014,1,1081.740673
22068795,2206879501,1,2017,1,1667.008247
22068838,2206883801,1,2019,1,1675.182814
22068987,2206898701,1,2015,1,2325.941994
22069060,2206906001,1,2020,1,2364.270384
22069060,2206906002,2,2021,2,2364.270384
22069214,2206921401,1,2019,1,1768.264417
22069239,2206923901,1,2007,1,5789.108959
22069261,2206926101,1,2015,1,454.4694065
22069287,2206928701,1,2019,1,912.8947886
22069423,2206942301,1,2017,1,1245.491233
22069510,2206951001,1,1997,1,7007.053675
22070196,2207019601,1,2012,1,90.13894661
22070238,2207023801,1,2013,1,1337.375735
22070366,2207036601,1,2020,1,3923.966405
22070366,2207036602,2,2010,1,3923.966405
22070864,2207086401,1,2017,2,636.6932836
22071053,2207105301,1,2022,1,2847.112522
22071257,2207125701,1,2021,1,724.5137323
22071257,2207125702,2,2020,1,724.5137323
22071320,2207132001,1,2021,1,1877.485034
22071508,2207150801,1,2019,1,1251.520136
22071515,2207151501,1,2008,1,1568.541602
22071552,2207155201,1,2019,1,4601.073537
22071621,2207162101,1,2008,1,1075.902679
22071622,2207162201,1,2015,1,607.1593762
22071704,2207170401,1,2019,1,860.2348489
22071978,2207197801,1,2019,1,628.0815259
22072113,2207211301,1,2019,1,1658.089756
22072137,2207213701,1,2016,1,1234.542909
22072183,2207218301,1,2006,1,4675.355211
22072379,2207237901,1,2022,1,631.4564512
22072389,2207238901,1,2013,1,3668.006995
22072460,2207246001,1,2008,1,1140.516813
22072631,2207263101,1,2010,1,1888.585625
22072696,2207269601,1,2018,1,690.8568077
22073468,2207346801,1,2022,4,628.0815259
22073613,2207361301,1,2020,1,2945.22951
22073625,2207362501,1,2022,1,787.4014266
22073676,2207367601,1,2018,2,3765.552552
22073740,2207374001,1,2019,1,4983.90486
22073740,2207374002,2,2022,1,4983.90486
22073798,2207379801,1,2016,1,1831.072044
22073799,2207379901,1,2013,1,821.6606382
22073799,2207379902,2,2004,1,821.6606382
22073843,2207384301,1,2011,1,698.7549437
22073884,2207388401,1,2014,1,798.0567389
22074046,2207404601,1,2016,1,2536.737332
22074135,2207413501,1,2015,1,1522.43664
22074135,2207413502,2,2008,2,1522.43664
22074169,2207416901,1,2005,1,76.97100638
22074250,2207425001,1,2021,1,77.53338478
22074433,2207443301,1,2014,1,153.3348279
22074469,2207446901,1,2000,1,76.66131892
22074469,2207446902,2,1996,1,76.66131892
22074541,2207454101,1,2019,1,7624.435044
22074580,2207458001,1,2018,1,139.7178044
22074592,2207459201,1,2004,1,78.6504399
22074605,2207460501,1,2006,1,80.72769922
22074716,2207471601,1,2018,1,76.7123624
22074716,2207471602,2,2020,1,76.7123624
22074758,2207475801,1,2020,1,744.6618389
22074805,2207480501,1,2011,1,76.74959099
22074805,2207480502,2,2017,1,76.74959099
22074805,2207480503,3,2009,1,76.74959099
22074896,2207489601,1,2018,1,7417.914541
22074962,2207496201,1,2011,1,51.09062113
22074991,2207499101,1,2022,4,3811.279218
22075090,2207509001,1,2005,1,157.0905669
22075212,2207521201,1,2020,1,156.8372564
22075324,2207532401,1,2010,1,78.91221138
22075367,2207536701,1,2022,1,78.65422185
22075407,2207540701,1,2017,1,155.4267436
22075472,2207547201,1,2020,1,154.0239761
22075554,2207555401,1,2006,1,76.67301962
22075676,2207567601,1,2014,1,140.0012008
22075798,2207579801,1,2020,1,1359.171915
22076031,2207603101,1,2017,1,77.53338478
22076032,2207603201,1,2021,4,80.39756201
22076068,2207606801,1,2021,1,120.2375741
22076068,2207606802,2,2014,1,120.2375741
22076117,2207611701,1,2010,1,77.89112666
22076190,2207619001,1,2018,1,2517.631718
22076190,2207619002,2,2022,1,2517.631718
22076298,2207629801,1,2016,1,628.2839115
22076334,2207633401,1,2017,1,3814.254937
22076514,2207651401,1,2007,1,78.53514191
22076740,2207674001,1,2009,1,1907.25
22076887,2207688701,1,2010,2,79.65983624
22076953,2207695301,1,2009,1,2334.831876
22076983,2207698301,1,2021,1,118.5402661
22076986,2207698601,1,2019,4,3243.21235
22077008,2207700801,1,2010,1,77.53338478
22077150,2207715001,1,2018,1,80.39756201
22077240,2207724001,1,2018,1,156.4950589
22077259,2207725901,1,2019,1,106.4856073
22077259,2207725902,2,2011,1,106.4856073
22077437,2207743701,1,2015,1,2499.96019
22077458,2207745801,1,2008,1,1906.553561
22077458,2207745802,2,2001,1,1906.553561
22077474,2207747401,1,2008,1,78.17652949
22077557,2207755701,1,2012,1,1470.771756
22077639,2207763901,1,2018,1,1461.310207
22077645,2207764501,1,2020,1,1414.098844
22077645,2207764502,2,2021,1,1414.098844
22077648,2207764801,1,1998,1,462.8370886
22077659,2207765901,1,2021,1,3667.494398
22077743,2207774301,1,2021,1,2073.835261
22077754,2207775401,1,2002,1,78.6504399
22077875,2207787501,1,2020,1,256.6501474
22077933,2207793301,1,2015,1,77.98995644
22078060,2207806001,1,2014,1,6083.787868
22078274,2207827401,1,2022,1,76.65911265
22078274,2207827402,2,2010,1,76.65911265
22078284,2207828401,1,2016,1,76.86057571
22078347,2207834701,1,2013,1,2021.488383
22078347,2207834702,2,2012,1,2021.488383
22078480,2207848001,1,1992,1,77.34882799
22078573,2207857301,1,2019,1,77.6690219
22078584,2207858401,1,2018,1,153.381298
22078615,2207861501,1,1990,1,3806.076101
22078615,2207861502,2,1997,1,3806.076101
22078615,2207861503,3,2001,1,3806.076101
22078615,2207861504,4,2005,1,3806.076101
22078701,2207870101,1,2005,1,78.17652949
22079005,2207900501,1,2015,1,395.7961744
22079260,2207926001,1,1999,1,578.2335632
22079260,2207926002,2,2022,1,578.2335632
22079381,2207938101,1,2012,1,157.4647503
22079469,2207946901,1,2017,1,312.0198216
22079475,2207947501,1,2004,1,156.4950589
22079589,2207958901,1,2019,1,7562.0091
22079662,2207966201,1,2014,2,102.7394379
22079664,2207966401,1,2020,1,1594.870185
22079866,2207986601,1,2007,1,1525.8
22079866,2207986602,2,2020,1,1525.8
22079943,2207994301,1,2015,1,153.2495526
22079994,2207999401,1,2012,1,155.1804757
22080071,2208007101,1,2011,1,249.4015191
22080232,2208023201,1,2003,1,153.4597076
22080363,2208036301,1,2012,1,51.08831484
22080490,2208049001,1,2018,1,80.13005851
22080537,2208053701,1,1998,1,3805.428072
22080600,2208060001,1,2020,1,76.84553506
22080638,2208063801,1,2014,1,1020.809645
22080638,2208063802,2,2015,1,1020.809645
22080676,2208067601,1,2014,1,76.64440981
22080720,2208072001,1,2022,1,1976.211841
22080737,2208073701,1,2011,1,77.18817775
22080748,2208074801,1,2006,1,1902.65173
22080748,2208074802,2,2022,1,1902.65173
22080823,2208082301,1,2019,1,231.3452473
22080984,2208098401,1,2008,1,78.6504399
22081192,2208119201,1,2005,1,76.70521211
22081192,2208119202,2,2006,1,76.70521211
22081336,2208133601,1,2006,1,328.8260232
22081490,2208149001,1,2018,1,1220.697486
22081540,2208154001,1,2020,1,77.53338478
22081566,2208156601,1,2015,1,141.9124376
22081646,2208164601,1,1999,1,267.8360857
22081646,2208164602,2,2010,1,267.8360857
22081646,2208164603,3,2011,1,267.8360857
22081680,2208168001,1,2008,1,80.72597159
22081937,2208193701,1,2011,1,170.7812514
22082004,2208200401,1,2019,1,119.4651454
22082022,2208202201,1,2017,1,120.1560564
22082096,2208209601,1,2015,1,183.52438
22082349,2208234901,1,2010,1,387.6628557
22082413,2208241301,1,2012,1,2826.178869
22082478,2208247801,1,2014,1,1602.369552
22082478,2208247802,2,2020,1,1602.369552
22082493,2208249301,1,2022,7,392.6434101
22082714,2208271401,1,2018,1,3398.922372
22083118,2208311801,1,2018,1,119.359857
22083223,2208322301,1,2017,1,120.7265896
22083258,2208325801,1,2017,1,5926.559883
22083379,2208337901,1,2014,1,238.5067795
22083474,2208347401,1,2019,1,878.0142781
22083583,2208358301,1,1995,1,79.41418491
22083591,2208359101,1,2014,1,1068.869031
22083613,2208361301,1,2017,1,241.2745041
22083613,2208361302,2,1997,1,241.2745041
22083617,2208361701,1,2018,1,1302.816463
22083617,2208361702,2,2017,1,1302.816463
22083649,2208364901,1,2010,1,120.4113578
22083656,2208365601,1,2016,6,126.6186658
22084079,2208407901,1,2017,1,1205.790794
22084319,2208431901,1,2016,1,1562.533952
22084718,2208471801,1,1998,1,393.0359349
22084718,2208471802,2,2001,1,393.0359349
22084718,2208471803,3,2015,1,393.0359349
22084829,2208482901,1,2008,1,3946.30678
22084981,2208498101,1,2018,1,215.0522674
22085086,2208508601,1,2021,1,1347.082905
22085267,2208526701,1,2012,1,3856.037203
22085346,2208534601,1,2005,1,3951.137631
22086022,2208602201,1,2022,1,1016.320093
22086036,2208603601,1,2000,1,123.3002546
22086069,2208606901,1,2016,1,3627.561872
22086129,2208612901,1,2015,1,147.4082851
22086129,2208612902,2,2017,1,147.4082851
22086501,2208650101,1,2015,1,61.63828655
22086666,2208666601,1,2010,1,132.1445924
22086901,2208690101,1,2018,1,974.9443401
22087367,2208736701,1,2021,1,123.2970436
22087517,2208751701,1,2007,1,638.8788521
22087528,2208752801,1,2007,1,1475.406808
22087669,2208766901,1,2003,1,2781.275743
22087752,2208775201,1,2002,1,123.2730109
22087788,2208778801,1,2015,1,1534.682258
22087846,2208784601,1,2020,1,520.4989375
22088012,2208801201,1,2017,1,172.8481217
22088094,2208809401,1,2012,1,2876.802502
22088182,2208818201,1,2012,1,558.6962026
22088183,2208818301,1,2013,1,132.6799597
22088211,2208821101,1,2014,1,4105.104446
22088211,2208821102,2,2008,1,4105.104446
22088411,2208841101,1,2017,1,641.3826189
22088415,2208841501,1,2018,1,99.11090609
22088502,2208850201,1,2012,2,123.2627383
22088811,2208881101,1,2005,1,1006.458939
22088815,2208881501,1,2007,1,393.5256285
22088815,2208881502,2,2019,1,393.5256285
22088815,2208881503,3,2012,1,393.5256285
22088878,2208887801,1,2014,1,1533.996449
22088897,2208889701,1,2018,1,297.1671458
22089425,2208942501,1,2014,2,2762.947123
22089425,2208942502,2,2020,1,2762.947123
22089591,2208959101,1,2010,1,124.579667
22089591,2208959102,2,2011,1,124.579667
22090281,2209028101,1,2011,1,61.64504973
22090292,2209029201,1,2001,1,538.1330998
22090298,2209029801,1,2021,1,619.4944023
22090298,2209029802,2,2019,1,619.4944023
22090695,2209069501,1,2014,1,2043.32614
22090695,2209069502,2,2004,1,2043.32614
22090774,2209077401,1,2021,1,529.2304813
22090896,2209089601,1,2020,1,353.2027231
22090922,2209092201,1,2017,1,389.5794433
22091070,2209107001,1,2013,1,123.2781823
22091086,2209108601,1,2019,1,163.9044445
22091118,2209111801,1,2011,1,413.9480551
22091359,2209135901,1,2020,1,123.2993799
22091364,2209136401,1,2005,1,205.4906911
22091386,2209138601,1,2014,1,241.5385942
22091677,2209167701,1,2019,1,701.1290579
22091862,2209186201,1,2021,2,195.7748606
22092018,2209201801,1,2007,1,633.5718773
22092153,2209215301,1,2018,1,1009.244141
22092219,2209221901,1,2005,1,306.3707305
22092687,2209268701,1,2014,1,123.344813
22092709,2209270901,1,2011,1,268.6020685
22092741,2209274101,1,2023,1,816.2320225
22092886,2209288601,1,2022,1,873.8911613
22093165,2209316501,1,2023,1,255.0426399
22093165,2209316502,2,2003,5,255.0426399
22093550,2209355001,1,2003,1,178.4036426
22093558,2209355801,1,2007,1,1184.165571
22093722,2209372201,1,2018,1,61.63584057
22093810,2209381001,1,2020,1,499.021866
22093828,2209382801,1,2007,1,690.7823811
22093992,2209399201,1,2022,1,740.4721874
22095270,2209527001,1,2016,1,2983.489209
22095798,2209579801,1,2021,1,209.4345125
22095819,2209581901,1,2010,2,612.5096608
22095829,2209582901,1,2014,1,1544.34654
22095844,2209584401,1,2015,1,187.6801535
22096415,2209641501,1,2015,1,79.91916622
22097055,2209705501,1,2012,1,2652.409521
22097839,2209783901,1,2014,1,443.2268007
22097990,2209799001,1,2010,1,5209.246671
22098182,2209818201,1,2004,1,7957.950082
22098812,2209881201,1,2019,1,493.1946682
22098849,2209884901,1,2019,1,927.7776728
22098924,2209892401,1,2013,1,398.5058565
22098934,2209893401,1,2016,2,363.1295059
22098995,2209899501,1,2020,4,521.7418999
22099372,2209937201,1,2009,1,839.2444272
22099448,2209944801,1,2020,1,842.8045417
22099709,2209970901,1,2011,2,1329.695232
22100059,2210005901,1,2022,4,2166.037694
22100059,2210005902,2,2016,1,2166.037694
22100068,2210006801,1,2003,1,4352.152509
22100069,2210006901,1,2020,1,3195.558123
22100069,2210006902,2,2022,1,3195.558123
22100106,2210010601,1,2014,1,2243.204507
22100120,2210012001,1,2022,1,419.8214506
22100120,2210012002,2,2022,1,419.8214506
22100155,2210015501,1,2018,1,292.7669841
22100155,2210015502,2,2020,1,292.7669841
22100177,2210017701,1,2003,1,2441.054725
22100177,2210017702,2,2012,1,2441.054725
22100177,2210017703,3,2020,1,2441.054725
22100177,2210017704,4,1998,1,2441.054725
22100177,2210017705,5,1981,1,2441.054725
22100218,2210021801,1,2014,1,581.1210215
22100232,2210023201,1,2018,1,667.146561
22100232,2210023202,2,2021,2,667.146561
22100259,2210025901,1,2022,1,2884.868815
22100269,2210026901,1,2016,1,581.1210215
22100352,2210035201,1,2018,1,4714.74555
22100459,2210045901,1,2011,1,613.5180368
22100465,2210046501,1,2019,1,6125.96211
22100465,2210046502,2,2014,1,6125.96211
22100465,2210046503,3,2017,1,6125.96211
22100495,2210049501,1,2018,1,269.6514661
22100511,2210051101,1,2019,1,223.2887966
22100511,2210051102,2,2020,1,223.2887966
22100537,2210053701,1,2022,1,390.9717975
22100538,2210053801,1,2018,1,860.0840043
22100538,2210053802,2,2004,1,860.0840043
22100678,2210067801,1,2019,1,225.0898001
22100678,2210067802,2,2016,1,225.0898001
22100689,2210068901,1,2015,1,431.1743158
22100689,2210068902,2,2001,1,431.1743158
22100734,2210073401,1,2019,1,203.9112398
22100734,2210073402,2,1986,5,203.9112398
22100831,2210083101,1,2020,1,299.0628082
22100831,2210083102,2,2013,1,299.0628082
22100852,2210085201,1,2016,1,2227.666222
22100852,2210085202,2,2011,1,2227.666222
22100852,2210085203,3,2003,1,2227.666222
22100985,2210098501,1,2008,1,1339.880463
22100985,2210098502,2,2015,1,1339.880463
22101055,2210105501,1,2007,2,259.3271242
22101288,2210128801,1,2010,1,4119.180497
22101318,2210131801,1,2018,1,2607.765592
22101404,2210140401,1,2013,1,457.9019115
22101415,2210141501,1,2021,1,818.9404183
22101415,2210141502,2,2012,1,818.9404183
22101570,2210157001,1,2004,1,3855.33315
22101615,2210161501,1,2004,1,8751.11718
22101629,2210162901,1,2011,1,1117.648178
22101685,2210168501,1,2022,1,376.7227409
22101759,2210175901,1,2015,1,635.3142965
22101760,2210176001,1,2004,1,1112.454255
22101760,2210176002,2,2016,1,1112.454255
22101760,2210176003,3,2011,1,1112.454255
22101760,2210176004,4,2013,1,1112.454255
22101760,2210176005,5,2007,1,1112.454255
22101817,2210181701,1,2022,1,1152.5152
22102006,2210200601,1,2015,1,375.2348554
22102032,2210203201,1,2016,1,125.8267264
22102137,2210213701,1,2016,1,2132.144383
22102212,2210221201,1,2020,1,796.9420952
22102276,2210227601,1,2021,4,978.1443001
22102611,2210261101,1,2019,1,823.4792874
22102611,2210261102,2,2019,1,823.4792874
22102645,2210264501,1,2017,1,1343.309194
22102647,2210264701,1,2018,1,738.5202658
22102652,2210265201,1,2009,1,1460.881811
22102749,2210274901,1,2010,1,144.5565714
22102759,2210275901,1,2005,1,4989.617569
22102759,2210275902,2,2003,1,4989.617569
22102839,2210283901,1,2013,2,188.7925481
22103122,2210312201,1,2017,1,834.915779
22103122,2210312202,2,2011,1,834.915779
22103246,2210324601,1,2017,1,200.1994067
22103311,2210331101,1,2020,1,312.1158833
22103311,2210331102,2,2014,1,312.1158833
22103311,2210331103,3,2023,5,312.1158833
22103360,2210336001,1,2016,1,917.3370774
22103396,2210339601,1,2014,1,741.665105
22103396,2210339602,2,2013,1,741.665105
22103402,2210340201,1,2018,2,502.3103657
22103402,2210340202,2,2018,1,502.3103657
22103418,2210341801,1,2016,1,188.7760602
22103435,2210343501,1,2021,1,4813.596662
22103435,2210343502,2,2013,1,4813.596662
22103435,2210343503,3,2009,1,4813.596662
22103453,2210345301,1,2021,1,3129.328583
22103453,2210345302,2,2000,1,3129.328583
22103471,2210347101,1,2018,1,561.9880368
22103547,2210354701,1,2008,1,2945.003588
22103547,2210354702,2,2015,1,2945.003588
22103593,2210359301,1,2014,1,4071.169441
22103665,2210366501,1,2016,1,200.1994067
22103707,2210370701,1,2014,1,708.2338075
22103709,2210370901,1,2005,1,379.5365365
22103971,2210397101,1,2015,1,327.6598104
22104013,2210401301,1,2000,1,200.1963878
22104013,2210401302,2,2001,1,200.1963878
22104074,2210407401,1,2019,1,1051.464589
22104086,2210408601,1,2009,1,393.5782603
22104115,2210411501,1,2017,1,1414.787797
22104129,2210412901,1,2014,1,912.2808811
22104145,2210414501,1,2018,1,2008.652723
22104158,2210415801,1,2004,1,447.3333036
22104198,2210419801,1,2021,1,5473.997421
22104198,2210419802,2,2019,1,5473.997421
22104217,2210421701,1,2020,1,2264.033334
22104368,2210436801,1,2015,1,188.6796792
22104807,2210480701,1,2020,1,318.5950809
22104844,2210484401,1,2020,1,192.661205
22104868,2210486801,1,2016,1,5276.837463
22104945,2210494501,1,2002,1,528.9082086
22104945,2210494502,2,2009,1,528.9082086
22104989,2210498901,1,2022,1,388.3028667
22105000,2210500001,1,2000,1,3418.46406
22105000,2210500002,2,2005,1,3418.46406
22105058,2210505801,1,2019,1,1598.667604
22105088,2210508801,1,2013,1,917.3370774
22105098,2210509801,1,2019,1,513.9964477
22105098,2210509802,2,2010,1,513.9964477
22105100,2210510001,1,2014,1,700.0981449
22105104,2210510401,1,2013,1,1377.645705
22105104,2210510402,2,2010,1,1377.645705
22105104,2210510403,3,2016,1,1377.645705
22105104,2210510404,4,2003,1,1377.645705
22105104,2210510405,5,1985,1,1377.645705
22105104,2210510406,6,2007,1,1377.645705
22105176,2210517601,1,1999,1,234.2238437
22105273,2210527301,1,2010,1,581.7954612
22105273,2210527302,2,2018,1,581.7954612
22105278,2210527801,1,2022,1,718.2388288
22105278,2210527802,2,2022,1,718.2388288
22105278,2210527803,3,2021,1,718.2388288
22105290,2210529001,1,2020,1,411.5836996
22105294,2210529401,1,2019,1,528.9082086
22105294,2210529402,2,2019,1,528.9082086
22105362,2210536201,1,2020,1,901.4533337
22105362,2210536202,2,2022,1,901.4533337
22105372,2210537201,1,2012,2,192.7658388
22105454,2210545401,1,2015,1,9426.436164
22105454,2210545402,2,2008,1,9426.436164
22105595,2210559501,1,2013,1,1897.664017
22105595,2210559502,2,2012,1,1897.664017
22105621,2210562101,1,2019,1,648.6899089
22105621,2210562102,2,2022,1,648.6899089
22105623,2210562301,1,2021,1,391.1571359
22105722,2210572201,1,2020,4,382.293906
22105752,2210575201,1,2021,1,189.5325225
22105752,2210575202,2,2013,1,189.5325225
22105776,2210577601,1,2001,1,8528.851712
22105821,2210582101,1,1997,1,381.3701563
22105831,2210583101,1,2019,1,456.4025427
22105831,2210583102,2,2016,1,456.4025427
22105847,2210584701,1,2014,1,1287.639428
22105900,2210590001,1,2010,1,188.7954644
22105923,2210592301,1,2014,1,1030.185387
22105930,2210593001,1,2010,1,1122.035322
22105930,2210593002,2,2015,3,1122.035322
22105930,2210593003,3,2018,1,1122.035322
22105930,2210593004,4,2016,1,1122.035322
22105988,2210598801,1,1998,1,390.8287224
22105988,2210598802,2,2006,2,390.8287224
22105988,2210598803,3,2018,1,390.8287224
22106051,2210605101,1,2019,1,2154.631758
22106051,2210605102,2,2017,1,2154.631758
22106100,2210610001,1,2014,1,4714.685774
22106100,2210610002,2,2006,1,4714.685774
22106209,2210620901,1,2022,1,3067.721756
22106209,2210620902,2,2010,1,3067.721756
22106209,2210620903,3,2017,1,3067.721756
22106291,2210629101,1,2011,1,1047.842267
22106379,2210637901,1,2016,1,1596.768659
22106397,2210639701,1,2014,1,201.6494964
22106421,2210642101,1,2017,1,1259.470242
22106421,2210642102,2,2012,2,1259.470242
22106432,2210643201,1,2014,1,733.0304847
22106432,2210643202,2,2013,1,733.0304847
22106440,2210644001,1,2005,1,1106.558309
22106440,2210644002,2,2018,1,1106.558309
22106516,2210651601,1,1999,1,2114.857775
22106516,2210651602,2,2010,1,2114.857775
22106516,2210651603,3,2020,1,2114.857775
22106554,2210655401,1,2011,1,1514.702114
22106656,2210665601,1,2019,1,581.1210215
22106680,2210668001,1,2002,1,2543.479238
22106768,2210676801,1,2018,1,327.6598104
22106779,2210677901,1,2018,1,377.4712005
22106802,2210680201,1,2015,1,3070.022309
22106836,2210683601,1,2014,1,1117.648178
22106896,2210689601,1,2018,2,1216.573313
22107104,2210710401,1,2017,1,334.2631624
22107104,2210710402,2,2020,1,334.2631624
22107298,2210729801,1,2011,1,944.9898621
22107302,2210730201,1,2016,1,461.2654261
22107375,2210737501,1,2017,1,1063.156803
22107375,2210737502,2,2015,1,1063.156803
22107375,2210737503,3,2019,1,1063.156803
22107384,2210738401,1,2020,1,616.2903698
22107384,2210738402,2,2015,1,616.2903698
22107532,2210753201,1,2021,1,390.9717975
22107592,2210759201,1,2015,1,475.4740384
22107597,2210759701,1,2010,1,3176.473909
22107633,2210763301,1,2018,1,3793.195854
22107733,2210773301,1,2013,1,413.9129308
22107733,2210773302,2,2015,1,413.9129308
22107739,2210773901,1,2014,1,397.3557958
22107806,2210780601,1,2017,1,1074.458081
22107895,2210789501,1,2021,1,191.9594167
22107895,2210789502,2,2012,1,191.9594167
22108053,2210805301,1,2002,1,190.04495
22108053,2210805302,2,2005,1,190.04495
22108053,2210805303,3,2011,1,190.04495
22108053,2210805304,4,2018,1,190.04495
22108053,2210805305,5,2022,1,190.04495
22108056,2210805601,1,2018,1,2572.640628
22108064,2210806401,1,2018,1,1479.352461
22108080,2210808001,1,2018,4,2813.619999
22108080,2210808002,2,2017,2,2813.619999
22108082,2210808201,1,2018,1,426.3413649
22108108,2210810801,1,2019,2,321.6621671
22108108,2210810802,2,2006,1,321.6621671
22108116,2210811601,1,2020,1,3454.440781
22108130,2210813001,1,2020,1,203.9112398
22108130,2210813002,2,2014,1,203.9112398
22108142,2210814201,1,2010,1,4714.688064
22108142,2210814202,2,2010,1,4714.688064
22108200,2210820001,1,2009,1,2436.228699
22108331,2210833101,1,2004,1,188.7550705
22108332,2210833201,1,2006,6,350.8166283
22108332,2210833202,2,2005,1,350.8166283
22108332,2210833203,3,1998,1,350.8166283
22108390,2210839001,1,2021,1,1680.714267
22108390,2210839002,2,2020,1,1680.714267
22108390,2210839003,3,2016,1,1680.714267
22108390,2210839004,4,2003,1,1680.714267
22108439,2210843901,1,2012,2,1526.149909
22108530,2210853001,1,2012,1,3123.047247
22108573,2210857301,1,2021,1,1171.206192
22108598,2210859801,1,2014,1,131.56839
22108598,2210859802,2,2011,1,131.56839
22108598,2210859803,3,2008,1,131.56839
22108621,2210862101,1,2010,1,404.0646104
22108621,2210862102,2,2019,1,404.0646104
22108650,2210865001,1,2003,1,1199.054476
22108691,2210869101,1,2014,1,197.528088
22108754,2210875401,1,2014,1,581.1210215
22108855,2210885501,1,2010,1,4426.884797
22108855,2210885502,2,2022,1,4426.884797
22108934,2210893401,1,2014,1,4406.092449
22108934,2210893402,2,2004,1,4406.092449
22108934,2210893403,3,2010,1,4406.092449
22109008,2210900801,1,2000,1,1999.594289
22109188,2210918801,1,2010,1,4942.718605
22109191,2210919101,1,2010,1,4534.635349
22109191,2210919102,2,2013,1,4534.635349
22109269,2210926901,1,2015,7,879.1535808
22109273,2210927301,1,2010,1,198.7101649
22109273,2210927302,2,2016,1,198.7101649
22109319,2210931901,1,2020,1,774.0424799
22109464,2210946401,1,2015,1,4505.917188
22109510,2210951001,1,2013,1,404.7523059
22109611,2210961101,1,2007,1,1793.611998
22109786,2210978601,1,2007,1,15301.02528
22109824,2210982401,1,2022,4,583.2815185
22109824,2210982402,2,2009,1,583.2815185
22109866,2210986601,1,2007,1,125.8268586
22109953,2210995301,1,2010,1,380.2699761
22109953,2210995302,2,2003,1,380.2699761
22109986,2210998601,1,2018,1,188.8039974
22110056,2211005601,1,2022,1,1369.826761
22110199,2211019901,1,2004,1,420.5133854
22110276,2211027601,1,2020,1,162.7564444
22110308,2211030801,1,2017,1,2683.423465
22110308,2211030802,2,2000,1,2683.423465
22110308,2211030803,3,2015,1,2683.423465
22110350,2211035001,1,2020,1,222.8024517
22110612,2211061201,1,2000,1,3374.747025
22110612,2211061202,2,2005,1,3374.747025
22110715,2211071501,1,2019,1,271.0656306
22110715,2211071502,2,2015,1,271.0656306
22110778,2211077801,1,2019,1,346.1675516
22110898,2211089801,1,2019,1,3240.865388
22110910,2211091001,1,2017,1,246.321103
22110910,2211091002,2,2020,1,246.321103
22111114,2211111401,1,2021,1,7896.790633
22111409,2211140901,1,2007,1,4147.135612
22111425,2211142501,1,2006,1,341.498541
22111425,2211142502,2,2017,1,341.498541
22111425,2211142503,3,2013,1,341.498541
22111448,2211144801,1,2005,1,345.7976163
22111538,2211153801,1,2015,1,615.5073991
22111570,2211157001,1,2020,1,2475.037371
22111677,2211167701,1,2018,1,316.2975958
22111691,2211169101,1,2018,1,3948.303807
22111691,2211169102,2,2016,1,3948.303807
22111711,2211171101,1,2021,1,353.5250261
22111723,2211172301,1,2000,1,3713.490561
22111832,2211183201,1,2013,1,1708.663218
22111832,2211183202,2,2021,1,1708.663218
22111959,2211195901,1,2018,1,443.5288556
22112036,2211203601,1,2017,1,630.858303
22112067,2211206701,1,2010,1,7284.912062
22112154,2211215401,1,2021,1,298.4238397
22112154,2211215402,2,2008,1,298.4238397
22112212,2211221201,1,2019,1,198.3966781
22112320,2211232001,1,2013,2,273.8904027
22112350,2211235001,1,2022,1,1639.015106
22112350,2211235002,2,2022,1,1639.015106
22112350,2211235003,3,1986,1,1639.015106
22112350,2211235004,4,2009,1,1639.015106
22112359,2211235901,1,2016,1,966.9157138
22112359,2211235902,2,2015,1,966.9157138
22112393,2211239301,1,2020,1,138.8758645
22112393,2211239302,2,2021,1,138.8758645
22112447,2211244701,1,2015,1,227.6564385
22112516,2211251601,1,2020,1,1163.845527
22112516,2211251602,2,2019,1,1163.845527
22112516,2211251603,3,2010,1,1163.845527
22112538,2211253801,1,2022,1,421.2619803
22112538,2211253802,2,2018,1,421.2619803
22112553,2211255301,1,2022,1,353.3835689
22112557,2211255701,1,2021,1,622.9320799
22112557,2211255702,2,2022,3,622.9320799
22112632,2211263201,1,2008,1,375.410101
22112645,2211264501,1,2010,1,122.6908914
22112645,2211264502,2,2020,1,122.6908914
22112706,2211270601,1,2018,1,1624.831743
22112706,2211270602,2,2016,1,1624.831743
22112709,2211270901,1,2010,1,172.074005
22112717,2211271701,1,2011,1,2264.752642
22112717,2211271702,2,2008,1,2264.752642
22112786,2211278601,1,2021,1,2792.925914
22112806,2211280601,1,2019,1,89.14767739
22112848,2211284801,1,2018,1,93.30386957
22112897,2211289701,1,2008,1,1831.963011
22112897,2211289702,2,2017,1,1831.963011
22112897,2211289703,3,2022,1,1831.963011
22112898,2211289801,1,2022,1,1870.545714
22112945,2211294501,1,2012,1,8379.010047
22113195,2211319501,1,2018,1,657.0932255
22113223,2211322301,1,2020,1,85.41189828
22113223,2211322302,2,2000,1,85.41189828
22113275,2211327501,1,2005,1,1739.909467
22113299,2211329901,1,2019,1,502.252317
22113299,2211329902,2,2021,1,502.252317
22113387,2211338701,1,2011,1,557.2439076
22113387,2211338702,2,2017,1,557.2439076
22113464,2211346401,1,2022,1,483.8516726
22113464,2211346402,2,2022,1,483.8516726
22113506,2211350601,1,2020,1,332.1861258
22113506,2211350602,2,2023,1,332.1861258
22113513,2211351301,1,2013,1,57.10593503
22113513,2211351302,2,2019,1,57.10593503
22113518,2211351801,1,2004,1,95.74760056
22113518,2211351802,2,2011,1,95.74760056
22113518,2211351803,3,2012,1,95.74760056
22113574,2211357401,1,2020,1,337.5268095
22113574,2211357402,2,2021,1,337.5268095
22113692,2211369201,1,2011,1,1198.015399
22113692,2211369202,2,2018,1,1198.015399
22113704,2211370401,1,2021,1,516.2430571
22113762,2211376201,1,2020,1,115.4299289
22113762,2211376202,2,2019,1,115.4299289
22114008,2211400801,1,2022,1,666.878032
22114008,2211400802,2,2022,1,666.878032
22114011,2211401101,1,2014,1,297.2301786
22114011,2211401102,2,2019,1,297.2301786
22114045,2211404501,1,2001,1,182.7088641
22114045,2211404502,2,2007,1,182.7088641
22114045,2211404503,3,2015,1,182.7088641
22114068,2211406801,1,2010,1,5803.311498
22114155,2211415501,1,2002,1,314.920594
22114155,2211415502,2,2021,1,314.920594
22114264,2211426401,1,2018,1,1273.962882
22114264,2211426402,2,2020,1,1273.962882
22114362,2211436201,1,2007,1,88.58142967
22114362,2211436202,2,2019,1,88.58142967
22114362,2211436203,3,2022,1,88.58142967
22114374,2211437401,1,2021,1,2090.425258
22114374,2211437402,2,2020,1,2090.425258
22114374,2211437403,3,2021,1,2090.425258
22114374,2211437404,4,2020,1,2090.425258
22114448,2211444801,1,2019,1,93.91792518
22114535,2211453501,1,2019,1,459.2350959
22114535,2211453502,2,2009,1,459.2350959
22114546,2211454601,1,2018,1,1429.580641
22114555,2211455501,1,2021,1,87.20812495
22114555,2211455502,2,2017,1,87.20812495
22114567,2211456701,1,2021,1,1223.4754
22114567,2211456702,2,2021,1,1223.4754
22114567,2211456703,3,2020,1,1223.4754
22114567,2211456704,4,2013,1,1223.4754
22114688,2211468801,1,2005,1,80.46833676
22114688,2211468802,2,2020,1,80.46833676
22114688,2211468803,3,2020,1,80.46833676
22114733,2211473301,1,2019,1,88.10405525
22114853,2211485301,1,2017,1,402.1646552
22114853,2211485302,2,2012,1,402.1646552
22114868,2211486801,1,2022,1,1037.335222
22114870,2211487001,1,1997,1,171.326199
22114872,2211487201,1,2017,1,216.415914
22114899,2211489901,1,2011,1,2242.52183
22114902,2211490201,1,2000,1,2095.158775
22114902,2211490202,2,2005,1,2095.158775
22114902,2211490203,3,2014,1,2095.158775
22114970,2211497001,1,2011,1,2096.218348
22114970,2211497002,2,2013,1,2096.218348
22114970,2211497003,3,2020,1,2096.218348
22114972,2211497201,1,2019,1,666.878032
22114972,2211497202,2,2007,1,666.878032
22115131,2211513101,1,2016,1,382.978988
22115131,2211513102,2,2014,1,382.978988
22115158,2211515801,1,2002,1,198.7124064
22115158,2211515802,2,2011,1,198.7124064
22115158,2211515803,3,2015,1,198.7124064
22115161,2211516101,1,2020,1,882.5896964
22115170,2211517001,1,2012,1,216.2533983
22115170,2211517002,2,2021,1,216.2533983
22115178,2211517801,1,2019,2,85.74517426
22115178,2211517802,2,2016,1,85.74517426
22115206,2211520601,1,2015,1,142.5232471
22115206,2211520602,2,2009,1,142.5232471
22115206,2211520603,3,1999,1,142.5232471
22115242,2211524201,1,2019,1,2490.380173
22115242,2211524202,2,2020,1,2490.380173
22115271,2211527101,1,2003,1,1256.380883
22115271,2211527102,2,2022,1,1256.380883
22115271,2211527103,3,2022,1,1256.380883
22115271,2211527104,4,2019,1,1256.380883
22115280,2211528001,1,2019,1,180.3839342
22115304,2211530401,1,2021,1,195.6929206
22115304,2211530402,2,2021,4,195.6929206
22115310,2211531001,1,2021,1,744.0190983
22115319,2211531901,1,2021,1,738.6513167
22115319,2211531902,2,2022,1,738.6513167
22115380,2211538001,1,2014,1,109.6454735
22115380,2211538002,2,2022,2,109.6454735
22115437,2211543701,1,2019,1,274.0366285
22115437,2211543702,2,2019,1,274.0366285
22115674,2211567401,1,2015,1,1379.942968
22115674,2211567402,2,2021,1,1379.942968
22115920,2211592001,1,2016,1,140.7002477
22115945,2211594501,1,2018,1,180.3041057
22116024,2211602401,1,2011,1,443.7935997
22116083,2211608301,1,2019,1,2708.844892
22116083,2211608302,2,2013,1,2708.844892
22116125,2211612501,1,2019,1,85.6983795
22116125,2211612502,2,2008,2,85.6983795
22116164,2211616401,1,2021,1,998.726304
22116164,2211616402,2,2021,1,998.726304
22116242,2211624201,1,2015,1,2309.012606
22116242,2211624202,2,2018,1,2309.012606
22116313,2211631301,1,2012,1,88.10405525
22116372,2211637201,1,2018,1,1747.934586
22116372,2211637202,2,2019,1,1747.934586
22116378,2211637801,1,2007,1,1779.743271
22116642,2211664201,1,2008,1,288.435298
22116642,2211664202,2,1999,1,288.435298
22116642,2211664203,3,2004,1,288.435298
22116671,2211667101,1,2013,1,1663.216087
22116671,2211667102,2,2020,1,1663.216087
22116675,2211667501,1,2016,1,382.7813023
22116710,2211671001,1,2020,1,2229.842758
22116710,2211671002,2,2009,1,2229.842758
22116710,2211671003,3,1999,1,2229.842758
22116743,2211674301,1,2015,1,85.73625252
22116809,2211680901,1,2022,1,805.174269
22116809,2211680902,2,2022,1,805.174269
22116918,2211691801,1,2017,1,436.6282649
22116918,2211691802,2,2012,1,436.6282649
22116918,2211691803,3,2000,1,436.6282649
22117077,2211707701,1,2022,1,331.3811713
22117077,2211707702,2,2022,1,331.3811713
22117077,2211707703,3,2011,1,331.3811713
22117196,2211719601,1,2018,1,130.3215506
22117196,2211719602,2,2019,1,130.3215506
22117196,2211719603,3,2020,1,130.3215506
22117196,2211719604,4,2014,1,130.3215506
22117202,2211720201,1,2021,1,489.7498518
22117202,2211720202,2,2020,3,489.7498518
22117202,2211720203,3,2019,3,489.7498518
22117202,2211720204,4,2012,1,489.7498518
22117220,2211722001,1,2020,1,94.40226855
22117256,2211725601,1,2018,1,463.0225648
22117256,2211725602,2,2019,1,463.0225648
22117523,2211752301,1,2022,1,481.2403185
22117575,2211757501,1,2018,1,109.3473743
22117617,2211761701,1,2008,1,227.7210529
22117690,2211769001,1,2021,1,174.2875117
22117691,2211769101,1,2017,1,171.8114362
22117903,2211790301,1,2006,1,1632.074735
22117976,2211797601,1,2019,1,190.6803931
22117976,2211797602,2,2019,1,190.6803931
22118038,2211803801,1,2017,1,1592.905697
22118038,2211803802,2,2010,1,1592.905697
22118170,2211817001,1,2014,1,171.8237178
22118175,2211817501,1,2022,4,726.4263014
22118175,2211817502,2,2021,1,726.4263014
22118212,2211821201,1,2012,1,179.289844
22118299,2211829901,1,2011,1,1397.62776
22118299,2211829902,2,2007,1,1397.62776
22118299,2211829903,3,2004,1,1397.62776
22118299,2211829904,4,2018,1,1397.62776
22118299,2211829905,5,2006,1,1397.62776
22118371,2211837101,1,2008,1,1332.700617
22118371,2211837102,2,2015,2,1332.700617
22118387,2211838701,1,2020,1,346.7582879
22118387,2211838702,2,2009,1,346.7582879
22118409,2211840901,1,2016,1,88.54734773
22118409,2211840902,2,2018,1,88.54734773
22118409,2211840903,3,2006,1,88.54734773
22118409,2211840904,4,2014,1,88.54734773
22118465,2211846501,1,2020,1,89.43179333
22118465,2211846502,2,2009,1,89.43179333
22118475,2211847501,1,2014,1,3196.918972
22118570,2211857001,1,2016,1,664.0969844
22118575,2211857501,1,2010,1,1916.263885
22118593,2211859301,1,2019,1,249.6255148
22118616,2211861601,1,2013,1,235.3687204
22118616,2211861602,2,2022,1,235.3687204
22118770,2211877001,1,2015,1,685.5829779
22118820,2211882001,1,2021,1,744.4660101
22118930,2211893001,1,2019,1,4109.237674
22118930,2211893002,2,2021,1,4109.237674
22118994,2211899401,1,2019,1,971.1212878
22119019,2211901901,1,2020,1,1883.645561
22119019,2211901902,2,2022,1,1883.645561
22119081,2211908101,1,2012,1,323.9862902
22119223,2211922301,1,2021,1,88.28931458
22119267,2211926701,1,2020,1,437.5487515
22119267,2211926702,2,2021,1,437.5487515
22119337,2211933701,1,2007,1,1308.133298
22119337,2211933702,2,2019,1,1308.133298
22119359,2211935901,1,2010,1,647.5582972
22119359,2211935902,2,2009,1,647.5582972
22119359,2211935903,3,2020,1,647.5582972
22119495,2211949501,1,2022,1,1550.762046
22119495,2211949502,2,2004,1,1550.762046
22119535,2211953501,1,2011,1,244.2413016
22119535,2211953502,2,2015,1,244.2413016
22119613,2211961301,1,2021,1,2095.403715
22119613,2211961302,2,2005,1,2095.403715
22119648,2211964801,1,2007,1,93.87889818
22119648,2211964802,2,2014,1,93.87889818
22119686,2211968601,1,2019,1,652.4548981
22119686,2211968602,2,2021,1,652.4548981
22119700,2211970001,1,2021,1,1519.511497
22119730,2211973001,1,2014,1,452.7966755
22119865,2211986501,1,2021,1,92.31464216
22119865,2211986502,2,2021,1,92.31464216
22119945,2211994501,1,2020,1,85.89769143
22119948,2211994801,1,2020,1,566.9409623
22120087,2212008701,1,2022,1,1927.595363
22120087,2212008702,2,2022,1,1927.595363
22120087,2212008703,3,2022,1,1927.595363
22120092,2212009201,1,2011,1,122.4217703
22120104,2212010401,1,2016,1,85.9107271
22120104,2212010402,2,2005,1,85.9107271
22120139,2212013901,1,2022,1,483.8516726
22120139,2212013902,2,2020,1,483.8516726
22120205,2212020501,1,2018,3,2433.737484
22120205,2212020502,2,2013,1,2433.737484
22120262,2212026201,1,2013,1,89.43179333
22120262,2212026202,2,2012,1,89.43179333
22120314,2212031401,1,2018,4,239.6077562
22120314,2212031402,2,1992,1,239.6077562
22120314,2212031403,3,2005,1,239.6077562
22120314,2212031404,4,2018,4,239.6077562
22120369,2212036901,1,2021,1,273.8904027
22120467,2212046701,1,2008,1,803.2294484
22120467,2212046702,2,2014,1,803.2294484
22120467,2212046703,3,2008,1,803.2294484
22120487,2212048701,1,2018,1,538.8032723
22120517,2212051701,1,2019,1,440.60694
22120620,2212062001,1,2019,1,250.9875298
22120620,2212062002,2,2019,1,250.9875298
22120627,2212062701,1,2014,1,664.5833834
22120627,2212062702,2,2014,1,664.5833834
22120627,2212062703,3,2021,1,664.5833834
22120668,2212066801,1,2022,1,1722.58098
22120668,2212066802,2,2020,1,1722.58098
22120761,2212076101,1,2021,1,273.9826804
22120772,2212077201,1,2016,1,144.9184935
22120814,2212081401,1,2022,4,768.42279
22120814,2212081402,2,2019,1,768.42279
22120821,2212082101,1,2021,1,94.69780004
22120875,2212087501,1,2019,1,197.2672724
22120909,2212090901,1,2014,2,154.2329197
22120909,2212090902,2,2016,1,154.2329197
22121021,2212102101,1,2019,1,108.9458294
22121021,2212102102,2,1994,1,108.9458294
22121040,2212104001,1,2020,1,834.5366343
22121040,2212104002,2,2021,1,834.5366343
22121101,2212110101,1,2018,1,1379.942968
22121101,2212110102,2,2013,1,1379.942968
22121105,2212110501,1,2017,1,677.3216892
22121179,2212117901,1,2015,1,296.9842282
22121198,2212119801,1,2018,1,3097.570926
22121223,2212122301,1,2017,1,416.6646779
22121223,2212122302,2,2020,1,416.6646779
22121324,2212132401,1,2017,1,2992.139788
22121443,2212144301,1,2020,1,550.00906
22121479,2212147901,1,2008,1,395.8890802
22121514,2212151401,1,2022,1,969.0541104
22121514,2212151402,2,2021,1,969.0541104
22121592,2212159201,1,2022,1,369.7951162
22121592,2212159202,2,2013,1,369.7951162
22121603,2212160301,1,2004,1,293.4847894
22121603,2212160302,2,2015,1,293.4847894
22121613,2212161301,1,2007,1,593.6983796
22121613,2212161302,2,1980,1,593.6983796
22121690,2212169001,1,2017,1,273.8904027
22121856,2212185601,1,2012,1,366.3031264
22121903,2212190301,1,2023,1,273.8904027
22121956,2212195601,1,2017,1,95.33235316
22122005,2212200501,1,2007,1,85.71619482
22122005,2212200502,2,2019,1,85.71619482
22122153,2212215301,1,2002,1,131.4994702
22122169,2212216901,1,2013,1,299.7795731
22122582,2212258201,1,2011,1,297.7097051
22122582,2212258202,2,2022,1,297.7097051
22122895,2212289501,1,2019,1,125.7802428
22122895,2212289502,2,2002,1,125.7802428
22122895,2212289503,3,2010,1,125.7802428
22123218,2212321801,1,1998,1,253.7737121
22123347,2212334701,1,2014,1,9178.090259
22123454,2212345401,1,2015,1,93.32337124
22123458,2212345801,1,2017,1,186.4434094
22123533,2212353301,1,2006,1,93.38556166
22123650,2212365001,1,2007,1,186.7072102
22123731,2212373101,1,2020,1,93.33548551
22123787,2212378701,1,2012,1,186.6121526
22123855,2212385501,1,2016,1,93.2632833
22123868,2212386801,1,2019,1,93.12633519
22123868,2212386802,2,2017,1,93.12633519
22123868,2212386803,3,2022,1,93.12633519
22123944,2212394401,1,2012,1,2278.464112
22123959,2212395901,1,2021,1,9149.418504
22124167,2212416701,1,2012,4,2459.292271
22124278,2212427801,1,2020,1,93.19655736
22124301,2212430101,1,2014,1,93.35374394
22124334,2212433401,1,2021,1,186.6162807
22124422,2212442201,1,2018,1,93.20369696
22124451,2212445101,1,2022,1,93.53548595
22124455,2212445501,1,2013,1,93.31145151
22124455,2212445502,2,2015,1,93.31145151
22124455,2212445503,3,2018,1,93.31145151
22124481,2212448101,1,2021,1,186.5210633
22124555,2212455501,1,2016,2,93.22855131
22124557,2212455701,1,2011,1,93.40649135
22124766,2212476601,1,2011,1,93.24990695
22125000,2212500001,1,2019,1,93.14686754
22125126,2212512601,1,2009,1,93.85129122
22125145,2212514501,1,2012,1,2304.25
22125520,2212552001,1,2019,1,4583.489665
22125660,2212566001,1,2021,1,93.08557658
22125728,2212572801,1,2006,2,93.20532448
22125805,2212580501,1,2011,1,4605.422005
22125930,2212593001,1,2007,1,62.11665671
22125930,2212593002,2,1980,1,62.11665671
22125957,2212595701,1,2006,1,196.4819199
22126027,2212602701,1,2003,1,93.25500705
22126027,2212602702,2,2000,1,93.25500705
22126316,2212631601,1,2020,1,97.05047625
22126461,2212646101,1,2021,1,92.99956948
22126461,2212646102,2,2012,1,92.99956948
22126498,2212649801,1,2021,1,93.18950025
22126651,2212665101,1,2000,1,93.21528782
22126687,2212668701,1,2020,1,1905.700359
22126688,2212668801,1,2021,1,185.8422319
22126776,2212677601,1,2002,1,1840.165451
22126848,2212684801,1,2009,1,187.3407941
22126900,2212690001,1,2019,1,93.27817965
22126926,2212692601,1,2000,1,186.2614008
22127205,2212720501,1,2008,1,2459.292271
22127214,2212721401,1,2021,4,186.4826725
22127394,2212739401,1,2015,1,211.8823782
22127466,2212746601,1,2012,1,93.14871341
22127625,2212762501,1,2021,1,186.6397183
22127715,2212771501,1,2021,4,93.22611858
22127715,2212771502,2,2008,1,93.22611858
22127715,2212771503,3,2001,1,93.22611858
22127754,2212775401,1,2006,1,93.22141419
22127970,2212797001,1,2013,1,4608.5
22128002,2212800201,1,2020,1,4562.073435
22128035,2212803501,1,2014,1,187.1378315
22128169,2212816901,1,2017,1,93.37400271
22128210,2212821001,1,2013,1,93.05782656
22128210,2212821002,2,2021,1,93.05782656
22128381,2212838101,1,2016,1,93.18523852
22128542,2212854201,1,2005,1,93.30761797
22128542,2212854202,2,2019,1,93.30761797
22128628,2212862801,1,2019,1,93.79850689
22128684,2212868401,1,2022,1,1393.294014
22128727,2212872701,1,2010,1,65.17642767
22128733,2212873301,1,2019,1,186.8916446
22128878,2212887801,1,2017,1,4562.950088
22128878,2212887802,2,2002,1,4562.950088
22128995,2212899501,1,2012,1,186.782871
22129184,2212918401,1,2016,1,93.24200095
22129288,2212928801,1,2016,1,195.9814028
22129303,2212930301,1,2009,1,93.22162432
22129303,2212930302,2,2006,5,93.22162432
22129440,2212944001,1,2017,1,169.1991029
22129550,2212955001,1,1998,1,187.1079182
22129622,2212962201,1,2019,1,190.6134186
22129640,2212964001,1,2020,1,3850.734893
22129640,2212964002,2,2012,1,3850.734893
22129707,2212970701,1,2017,1,386.6713136
22129774,2212977401,1,2015,1,458.4201159
22129774,2212977402,2,2020,1,458.4201159
22129905,2212990501,1,2019,1,170.2783161
22129911,2212991101,1,2020,1,93.5819266
22129911,2212991102,2,2001,1,93.5819266
22129950,2212995001,1,2002,1,186.627973
22130066,2213006601,1,2022,1,93.45606989
22130105,2213010501,1,2014,1,3071.311818
22130105,2213010502,2,2014,1,3071.311818
22130136,2213013601,1,2005,1,4608.5
22130150,2213015001,1,2004,1,477.131609
22130226,2213022601,1,2014,1,93.1745617
22130226,2213022602,2,2016,1,93.1745617
22130376,2213037601,1,1990,1,93.06516079
22130376,2213037602,2,2012,1,93.06516079
22130431,2213043101,1,2018,1,187.2741537
22130432,2213043201,1,2017,1,93.38556166
22130576,2213057601,1,2022,3,186.823987
22130647,2213064701,1,2010,1,4600.533748
22130683,2213068301,1,2010,1,1120.39404
22130683,2213068302,2,2010,1,1120.39404
22130772,2213077201,1,2009,1,202.2840898
22130824,2213082401,1,2019,1,403.5177305
22130838,2213083801,1,2017,1,188.5652306
22130930,2213093001,1,2017,1,3625.895013
22130930,2213093002,2,2009,1,3625.895013
22130983,2213098301,1,2001,1,62.17499168
22131012,2213101201,1,2022,1,213.6977928
22131012,2213101202,2,2019,4,213.6977928
22131013,2213101301,1,2020,1,93.85191637
22131033,2213103301,1,2017,1,93.20169471
22131070,2213107001,1,2018,1,93.52684853
22131337,2213133701,1,2022,1,1101.560119
22131341,2213134101,1,2016,1,578.8786304
22131341,2213134102,2,2014,1,578.8786304
22131370,2213137001,1,2013,1,95.17225517
22131617,2213161701,1,2000,1,77.99564057
22131741,2213174101,1,2019,1,2875
22131755,2213175501,1,2009,1,116.4290215
22131755,2213175502,2,2021,1,116.4290215
22131900,2213190001,1,2020,1,510.1935618
22131927,2213192701,1,2016,1,116.4364381
22132050,2213205001,1,1996,1,114.3576263
22132147,2213214701,1,2019,1,93.24629456
22132162,2213216201,1,2021,4,116.3523494
22132177,2213217701,1,2020,1,77.52455708
22132773,2213277301,1,2014,1,2638.921774
22133012,2213301201,1,2008,1,116.4152729
22133014,2213301401,1,2016,1,116.4146165
22133034,2213303401,1,2022,1,116.4991105
22133090,2213309001,1,2017,1,116.7425601
22133196,2213319601,1,2008,1,116.4007779
22133227,2213322701,1,2018,1,1261.050737
22133271,2213327101,1,2010,1,233.2007405
22133434,2213343401,1,2002,1,61.02496034
22133445,2213344501,1,2020,1,5694.999337
22133513,2213351301,1,2012,1,119.5115789
22133610,2213361001,1,2020,1,542.1800369
22133688,2213368801,1,2022,1,6897.457371
22133688,2213368802,2,2007,1,6897.457371
22133987,2213398701,1,2008,2,2637.735288
22134080,2213408001,1,2018,4,1576.610973
22134087,2213408701,1,2020,1,1157.900648
22134196,2213419601,1,2007,1,1725.409118
22134249,2213424901,1,1991,1,1072.655444
22134592,2213459201,1,2021,1,1328.325449
22134644,2213464401,1,2011,1,1555.645832
22134650,2213465001,1,2020,1,1119.368428
22134900,2213490001,1,2010,1,1750.178851
22135057,2213505701,1,2017,1,846.2434709
22135244,2213524401,1,2016,1,889.899679
22135332,2213533201,1,2020,1,1010.220833
22135405,2213540501,1,2006,1,1384.634727
22135539,2213553901,1,2018,1,1220.968119
22135546,2213554601,1,2003,1,1875.004551
22135594,2213559401,1,2020,1,1403.372961
22135594,2213559402,2,2016,1,1403.372961
22135730,2213573001,1,2018,1,799.4131503
22135758,2213575801,1,2018,1,2166.569284
22135970,2213597001,1,2016,1,1431.065316
22135992,2213599201,1,2002,1,1275.613649
22136148,2213614801,1,2019,1,866.2882483
22136662,2213666201,1,2016,1,734.2882058
22136684,2213668401,1,2010,1,2132.785979
22136802,2213680201,1,2005,1,713.6324409
22136928,2213692801,1,2016,1,2637.735288
22137070,2213707001,1,2011,1,631.759509
22137161,2213716101,1,2022,4,2715.815985
22137182,2213718201,1,2022,4,1029.778263
22137313,2213731301,1,2009,1,1846.369822
22137355,2213735501,1,2019,1,970.9467721
22137457,2213745701,1,2020,1,977.6744448
22137681,2213768101,1,2022,4,3105.63698
22137740,2213774001,1,2021,1,2637.735288
22137748,2213774801,1,2019,1,890.2167904
22137751,2213775101,1,2021,1,4608.390415
22137752,2213775201,1,2021,1,1826.272817
22137752,2213775202,2,2018,1,1826.272817
22137870,2213787001,1,2008,1,1154.101671
22138022,2213802201,1,2017,1,3231.25764
22138141,2213814101,1,2021,1,1302.255056
22138150,2213815001,1,2018,1,789.6006198
22138166,2213816601,1,2006,1,543.1888529
22138299,2213829901,1,2014,1,1509.804714
22138335,2213833501,1,2018,1,1441.120291
22138507,2213850701,1,2021,1,1634.139745
22138662,2213866201,1,2018,4,2183.377886
22138662,2213866202,2,2017,1,2183.377886
22138743,2213874301,1,2022,1,655.9027409
22138743,2213874302,2,2021,1,655.9027409
22138752,2213875201,1,2004,1,2776.874178
22138784,2213878401,1,2009,1,1418.640925
22138864,2213886401,1,2017,1,1053.299041
22139070,2213907001,1,2021,1,1820.972258
22139176,2213917601,1,2021,1,959.5341826
22139331,2213933101,1,2017,1,1725.409118
22139537,2213953701,1,2011,1,1750.178851
22139599,2213959901,1,2009,2,997.0348022
22139636,2213963601,1,2019,1,942.9668502
22139699,2213969901,1,2022,1,1072.655444
22139748,2213974801,1,2017,1,801.7296649
22139855,2213985501,1,2006,1,452.4788302
22139958,2213995801,1,2011,1,523.0359962
22140156,2214015601,1,2020,1,3718.364597
22140344,2214034401,1,2002,1,1593.049308
22140727,2214072701,1,2018,1,1071.432012
22140942,2214094201,1,2022,3,1044.292705
22141006,2214100601,1,2021,1,6906.167784
22141058,2214105801,1,2015,1,3584.497688
22141172,2214117201,1,2015,1,1238.854095
22141236,2214123601,1,2020,1,1236.179818
22141266,2214126601,1,2021,1,1131.841433
22141428,2214142801,1,2017,1,959.1885749
22141546,2214154601,1,2021,3,3519.263622
22141626,2214162601,1,2011,1,260.1844477
22141755,2214175501,1,2002,1,393.5127996
22141969,2214196901,1,2020,1,1847.240228
22141969,2214196902,2,2004,1,1847.240228
22142077,2214207701,1,2021,1,2610.914689
22142733,2214273301,1,2013,1,1284.922942
22142970,2214297001,1,2007,1,548.7029152
22143411,2214341101,1,2015,1,989.8783825
22143582,2214358201,1,2018,1,805.983529
22143589,2214358901,1,2019,1,203.5663778
22143589,2214358902,2,2009,1,203.5663778
22143591,2214359101,1,2019,1,1577.861623
22143591,2214359102,2,2009,1,1577.861623
22143591,2214359103,3,2006,1,1577.861623
22143604,2214360401,1,2022,1,865.7763009
22143604,2214360402,2,2019,1,865.7763009
22143613,2214361301,1,2020,1,190.785521
22143613,2214361302,2,2004,1,190.785521
22143617,2214361701,1,2005,1,224.6160786
22143630,2214363001,1,2018,1,180.1803734
22143634,2214363401,1,2007,1,1180.856827
22143639,2214363901,1,2010,1,260.4585589
22143654,2214365401,1,2020,1,1698.824655
22143655,2214365501,1,2015,1,2171.942169
22143664,2214366401,1,2005,1,266.8344369
22143679,2214367901,1,2017,1,52.0476769
22143686,2214368601,1,2019,1,676.2437512
22143686,2214368602,2,2018,1,676.2437512
22143730,2214373001,1,2010,1,1619.710038
22143744,2214374401,1,2016,1,845.9359962
22143796,2214379601,1,2020,2,786.8179542
22143802,2214380201,1,2005,1,915.5659791
22143803,2214380301,1,2015,1,43.54286819
22143805,2214380501,1,2003,1,87.24334084
22143805,2214380502,2,2018,1,87.24334084
22143808,2214380801,1,2006,1,17.97578094
22143808,2214380802,2,2001,1,17.97578094
22143819,2214381901,1,1992,1,44.98580384
22143823,2214382301,1,2005,2,45.01876831
22143831,2214383101,1,2016,1,300.6275896
22143843,2214384301,1,2014,1,57.19950832
22143853,2214385301,1,2007,1,534.5732298
22143863,2214386301,1,2013,1,587.868016
22143864,2214386401,1,2015,2,68.68278515
22143917,2214391701,1,2015,1,413.0693723
22143927,2214392701,1,2019,1,746.1949753
22143932,2214393201,1,2012,1,735.7949137
22143932,2214393202,2,2014,1,735.7949137
22143938,2214393801,1,2016,1,3357.213796
22143939,2214393901,1,2014,1,412.9679461
22143956,2214395601,1,2012,1,2097.948031
22143956,2214395602,2,2007,1,2097.948031
22143959,2214395901,1,2013,1,177.7105262
22143964,2214396401,1,2004,1,355.7400305
22143964,2214396402,2,2016,1,355.7400305
22143974,2214397401,1,2019,1,438.3181523
22143975,2214397501,1,2006,1,151.8885424
22143987,2214398701,1,2021,1,208.6200395
22143987,2214398702,2,2021,1,208.6200395
22144003,2214400301,1,2015,1,217.0254277
22144005,2214400501,1,2007,1,153.775204
22144005,2214400502,2,2015,1,153.775204
22144052,2214405201,1,2018,1,370.5992104
22144054,2214405401,1,2019,1,339.2130884
22144054,2214405402,2,2020,1,339.2130884
22144055,2214405501,1,2018,1,129.1207873
22144055,2214405502,2,2022,2,129.1207873
22144062,2214406201,1,2018,1,105.89686
22144063,2214406301,1,2011,1,297.7408517
22144068,2214406801,1,2022,1,93.32811664
22144069,2214406901,1,2021,1,710.8887975
22144069,2214406902,2,2020,1,710.8887975
22144080,2214408001,1,2018,1,511.4447277
22144080,2214408002,2,2014,1,511.4447277
22144082,2214408201,1,2020,1,250.082509
22144082,2214408202,2,2018,1,250.082509
22144098,2214409801,1,2016,1,760.970242
22144099,2214409901,1,2017,1,540.782764
22144106,2214410601,1,2004,1,1919.726154
22144111,2214411101,1,2017,1,3086.229332
22144135,2214413501,1,2016,1,2094.680652
22144147,2214414701,1,2019,1,1738.783568
22144155,2214415501,1,2015,1,751.3408518
22144155,2214415502,2,2019,1,751.3408518
22144159,2214415901,1,2009,1,1428
22144159,2214415902,2,2001,1,1428
22144182,2214418201,1,2012,1,1502.38192
22144182,2214418202,2,2014,1,1502.38192
22144182,2214418203,3,2021,1,1502.38192
22144195,2214419501,1,2010,1,536.8808953
22144211,2214421101,1,2022,1,678.274401
22144215,2214421501,1,2020,1,1104.795253
22144218,2214421801,1,2010,1,1108.614371
22144218,2214421802,2,2005,1,1108.614371
22144228,2214422801,1,2016,1,723.1777446
22144228,2214422802,2,2004,1,723.1777446
22144228,2214422803,3,2010,1,723.1777446
22144231,2214423101,1,2007,1,408.0892778
22144231,2214423102,2,2011,1,408.0892778
22144234,2214423401,1,2019,1,47.23066367
22144235,2214423501,1,2021,1,44.80466212
22144235,2214423502,2,2018,1,44.80466212
22144245,2214424501,1,2019,1,29.92263028
22144261,2214426101,1,2019,1,196.6591329
22144262,2214426201,1,2017,1,427.5376004
22144262,2214426202,2,2003,1,427.5376004
22144262,2214426203,3,2013,1,427.5376004
22144265,2214426501,1,2015,1,154.0180906
22144281,2214428101,1,2009,1,1202.983638
22144283,2214428301,1,2010,1,1155.152287
22144285,2214428501,1,2014,1,152.7049171
22144298,2214429801,1,2017,1,391.5494196
22144350,2214435001,1,2008,1,823.8187171
22144352,2214435201,1,2016,1,425.1027929
22144353,2214435301,1,2011,1,2338.629225
22144354,2214435401,1,2012,3,662.5504904
22144354,2214435402,2,2007,1,662.5504904
22144376,2214437601,1,2018,1,401.3659308
22144377,2214437701,1,2016,1,897.7166751
22144399,2214439901,1,2016,1,1728.616143
22144399,2214439902,2,2016,1,1728.616143
22144401,2214440101,1,2018,1,140.4258272
22144401,2214440102,2,2002,1,140.4258272
22144419,2214441901,1,2017,1,3488.815718
22144419,2214441902,2,2008,1,3488.815718
22144453,2214445301,1,2007,1,2616.63656
22144478,2214447801,1,2018,1,34.02793416
22144478,2214447802,2,2002,1,34.02793416
22144481,2214448101,1,2010,2,163.5301845
22144484,2214448401,1,2007,1,629.7070471
22144484,2214448402,2,2012,1,629.7070471
22144486,2214448601,1,1999,1,50.98455912
22144486,2214448602,2,2017,1,50.98455912
22144488,2214448801,1,2008,1,210.9617333
22144497,2214449701,1,2005,1,157.0069053
22144507,2214450701,1,2002,1,1444.009402
22144509,2214450901,1,2022,1,819.2042382
22144509,2214450902,2,2009,1,819.2042382
22144517,2214451701,1,2022,1,273.560651
22144517,2214451702,2,2018,1,273.560651
22144530,2214453001,1,2010,1,1013.340434
22144538,2214453801,1,2011,1,71.73567974
22144541,2214454101,1,2004,1,74.19182212
22144555,2214455501,1,2020,4,1240.259277
22144555,2214455502,2,2021,4,1240.259277
22144559,2214455901,1,2022,1,368.0865567
22144559,2214455902,2,2010,1,368.0865567
22144560,2214456001,1,2023,1,686.970028
22144560,2214456002,2,2018,1,686.970028
22144567,2214456701,1,2002,1,46.75821079
22144570,2214457001,1,2009,1,44.94002061
22144573,2214457301,1,2018,1,44.89501183
22144574,2214457401,1,2020,1,44.92730812
22144608,2214460801,1,2019,4,2592.881771
22144618,2214461801,1,2009,1,1058.876843
22144625,2214462501,1,2011,1,1109.280354
22144625,2214462502,2,2013,1,1109.280354
22144626,2214462601,1,2012,1,116.3437206
22144632,2214463201,1,2013,1,413.3748897
22144648,2214464801,1,2013,1,360.4438717
22144648,2214464802,2,2012,1,360.4438717
22144648,2214464803,3,2013,1,360.4438717
22144648,2214464804,4,2002,1,360.4438717
22144648,2214464805,5,2017,1,360.4438717
22144649,2214464901,1,2021,1,746.8829321
22144673,2214467301,1,2016,1,3717.034759
22144687,2214468701,1,2019,1,1454.306276
22144708,2214470801,1,2021,1,848.3999063
22144708,2214470802,2,2003,1,848.3999063
22144716,2214471601,1,2019,1,818.696904
22144718,2214471801,1,2015,1,3539.127293
22144720,2214472001,1,2019,1,246.5537191
22144759,2214475901,1,2022,4,90.08056697
22144763,2214476301,1,2021,1,29.91960003
22144764,2214476401,1,2017,1,44.887821
22144778,2214477801,1,2017,1,143.1424964
22144782,2214478201,1,2017,1,145.7432648
22144794,2214479401,1,2009,1,108.3482284
22144807,2214480701,1,2008,2,344.3365019
22144807,2214480702,2,2019,1,344.3365019
22144819,2214481901,1,2013,1,405.8789137
22144823,2214482301,1,2015,1,279.983341
22144823,2214482302,2,2008,1,279.983341
22144837,2214483701,1,2006,1,114.3993844
22144838,2214483801,1,2018,1,239.4596301
22144849,2214484901,1,2020,1,548.5902735
22144871,2214487101,1,2013,3,429.2371622
22144871,2214487102,2,2021,1,429.2371622
22144884,2214488401,1,2013,1,39.43240711
22144888,2214488801,1,2020,4,507.638621
22144892,2214489201,1,2011,1,1347.103012
22144912,2214491201,1,2001,1,46.49786555
22144912,2214491202,2,2016,1,46.49786555
22144912,2214491203,3,2021,4,46.49786555
22144945,2214494501,1,2016,1,304.4766659
22144945,2214494502,2,2015,1,304.4766659
22144983,2214498301,1,2001,1,1594.927613
22144991,2214499101,1,2014,1,1783.112129
22145013,2214501301,1,2010,1,544.2644428
22145049,2214504901,1,2012,1,1029.403219
22145058,2214505801,1,2016,1,441.84643
22145062,2214506201,1,2012,1,878.7755325
22145071,2214507101,1,2016,3,324.784768
22145081,2214508101,1,2022,2,218.3235368
22145081,2214508102,2,2013,1,218.3235368
22145081,2214508103,3,2017,1,218.3235368
22145081,2214508104,4,2013,1,218.3235368
22145085,2214508501,1,2012,1,1278.136932
22145088,2214508801,1,2021,1,2565.546107
22145088,2214508802,2,2018,1,2565.546107
22145090,2214509001,1,2020,2,341.5027777
22145094,2214509401,1,2018,1,204.6648152
22145094,2214509402,2,2017,1,204.6648152
22145131,2214513101,1,2016,1,291.0123273
22145142,2214514201,1,2004,5,231.4920317
22145142,2214514202,2,2018,1,231.4920317
22145154,2214515401,1,2010,1,213.172273
22145154,2214515402,2,2013,1,213.172273
22145159,2214515901,1,2007,1,1109.5
22145159,2214515902,2,2016,1,1109.5
22145161,2214516101,1,2020,1,485.9750581
22145173,2214517301,1,2016,3,631.9434758
22145187,2214518701,1,2021,1,90.10988249
22145204,2214520401,1,2019,1,57.20046066
22145204,2214520402,2,2007,1,57.20046066
22145235,2214523501,1,2005,1,545.2613192
22145274,2214527401,1,2020,1,704.0059035
22145284,2214528401,1,2022,2,2659.94017
22145287,2214528701,1,2010,1,1144.632422
22145305,2214530501,1,2018,1,1661.12276
22145308,2214530801,1,2017,1,320.8062711
22145311,2214531101,1,2018,1,184.4122649
22145314,2214531401,1,2019,1,220.3313574
22145321,2214532101,1,2020,1,2956.603579
22145324,2214532401,1,2020,1,125.4605696
22145324,2214532402,2,2021,1,125.4605696
22145329,2214532901,1,2022,1,285.1914744
22145346,2214534601,1,2021,1,1093.298741
22145346,2214534602,2,2008,5,1093.298741
22145349,2214534901,1,2009,1,79.22404177
22145351,2214535101,1,2016,1,3065.082598
22145387,2214538701,1,2020,2,50.69615094
22145387,2214538702,2,2011,1,50.69615094
22145403,2214540301,1,2014,1,73.75914988
22145403,2214540302,2,2020,1,73.75914988
22145414,2214541401,1,2022,1,124.8043931
22145420,2214542001,1,2020,1,814.1315572
22145434,2214543401,1,2007,1,2746.016427
22145443,2214544301,1,2015,1,143.1424964
22145452,2214545201,1,2001,1,206.3852265
22145480,2214548001,1,2013,1,45.00426875
22145485,2214548501,1,2011,1,55.62183081
22145499,2214549901,1,2009,1,1051.122824
22145509,2214550901,1,2006,1,146.3691197
22145528,2214552801,1,2017,1,276.5407377
22145528,2214552802,2,2020,1,276.5407377
22145543,2214554301,1,2018,1,45.21560616
22145545,2214554501,1,2001,1,29.93332333
22145547,2214554701,1,2005,1,44.85353474
22145553,2214555301,1,2014,1,491.1086299
22145558,2214555801,1,2007,1,87.57724719
22145574,2214557401,1,2022,1,139.9235584
22145577,2214557701,1,2022,1,255.7114942
22145577,2214557702,2,2020,1,255.7114942
22145578,2214557801,1,2022,1,57.20996885
22145578,2214557802,2,2020,1,57.20996885
22145611,2214561101,1,2022,2,134.1588231
22145640,2214564001,1,2014,1,1142.894201
22145640,2214564002,2,2006,1,1142.894201
22145640,2214564003,3,2021,1,1142.894201
22145642,2214564201,1,2018,1,721.0779217
22145645,2214564501,1,2019,1,526.3456789
22145645,2214564502,2,2022,1,526.3456789
22145646,2214564601,1,2011,1,388.4508247
22145647,2214564701,1,2021,1,656.4372981
22145648,2214564801,1,2015,1,515.3316932
22145649,2214564901,1,2020,1,114.4039625
22145650,2214565001,1,2019,1,283.0620525
22145651,2214565101,1,2002,1,443.9590442
22145651,2214565102,2,2018,1,443.9590442
22145653,2214565301,1,2017,1,1640.165692
22145654,2214565401,1,2015,1,114.982947
22145657,2214565701,1,2017,1,722.3273768
22145658,2214565801,1,2015,1,680.986988
22145658,2214565802,2,2014,6,680.986988
22145662,2214566201,1,2007,1,378.5193437
22145666,2214566601,1,2006,1,204.111069
22145667,2214566701,1,2018,1,375.4431015
22145669,2214566901,1,2008,1,962.9388335
22145669,2214566902,2,2009,1,962.9388335
22145670,2214567001,1,2012,1,43.67971393
22145675,2214567501,1,2021,1,683.040371
22145679,2214567901,1,2021,1,462.2557684
22145681,2214568101,1,2018,2,103.1841317
22145685,2214568501,1,2021,1,456.2172302
22145687,2214568701,1,2018,1,355.4627484
22145688,2214568801,1,2019,1,275.3128433
22145689,2214568901,1,2012,1,133.283086
22145691,2214569101,1,2015,1,216.9039161
22145694,2214569401,1,2005,1,274.8962828
22145697,2214569701,1,2020,2,1048.823163
22145700,2214570001,1,2021,1,99.28643545
22145703,2214570301,1,2012,1,449.9223487
22145704,2214570401,1,2022,1,1601.136931
22145705,2214570501,1,2019,1,277.1138794
22145711,2214571101,1,2020,1,1862.646827
22145711,2214571102,2,2003,1,1862.646827
22145713,2214571301,1,2002,1,627.88042
22145715,2214571501,1,2013,1,114.4147298
22145716,2214571601,1,2019,1,765.7755916
22145718,2214571801,1,2007,1,537.7785742
22145718,2214571802,2,2012,1,537.7785742
22145726,2214572601,1,2000,1,76.65159763
